,Unnamed: 0,Unnamed: 0.1,Country,Cumulative number of case(s),Number of deaths,Number recovered,Day_of_the_year,Week_of_the_year,Month_of_the_year
0,0,0,9,1,0,0,17,1,3
1,1,1,4,8,2,0,17,1,3
2,2,2,26,20,0,0,17,1,3
3,3,3,10,95,1,0,17,1,3
4,4,4,31,2,0,0,17,1,3
5,5,5,33,1,0,0,17,1,3
6,6,6,36,40,1,0,17,1,3
7,7,7,9,2,0,0,18,2,3
8,8,8,4,8,2,0,18,2,3
9,9,9,5,0,0,0,18,2,3
10,10,10,26,23,0,0,18,2,3
11,11,11,10,123,1,0,18,2,3
12,12,12,32,3,0,0,18,2,3
13,13,13,33,1,0,0,18,2,3
14,14,14,36,57,1,0,18,2,3
15,15,15,27,1,0,0,18,2,3
16,16,16,34,1,0,0,18,2,3
17,17,17,4,8,2,0,19,3,3
18,18,18,5,0,0,0,19,3,3
19,19,19,9,1,0,0,19,3,3
20,20,20,10,150,5,0,19,3,3
21,21,21,26,31,0,0,19,3,3
22,22,22,27,1,0,0,19,3,3
23,23,23,29,1,0,0,19,3,3
24,24,24,32,3,0,0,19,3,3
25,25,25,33,1,0,0,19,3,3
26,26,26,34,1,0,0,19,3,3
27,27,27,35,11,0,0,19,3,3
28,28,28,36,56,2,0,19,3,3
29,29,29,4,9,2,0,20,4,3
30,30,30,5,0,0,0,20,4,3
31,31,31,9,1,0,0,20,4,3
32,32,32,10,173,6,0,20,4,3
33,33,33,26,34,0,0,20,4,3
34,34,34,27,1,0,0,20,4,3
35,35,35,29,1,0,0,20,4,3
36,36,36,31,7,0,0,20,4,3
37,37,37,32,4,0,0,20,4,3
38,38,38,33,1,0,0,20,4,3
39,39,39,34,2,0,0,20,4,3
40,40,40,35,11,0,0,20,4,3
41,41,41,36,62,2,0,20,4,3
42,42,42,4,9,2,0,21,5,3
43,43,43,5,0,0,0,21,5,3
44,44,44,9,1,0,0,21,5,3
45,45,45,10,203,6,0,21,5,3
46,46,46,13,1,0,0,21,5,3
47,47,47,22,1,0,0,21,5,3
48,48,48,26,39,0,0,21,5,3
49,49,49,27,1,0,0,21,5,3
50,50,50,29,1,0,0,21,5,3
51,51,51,31,7,0,0,21,5,3
52,52,52,32,6,0,0,21,5,3
53,53,53,33,4,0,0,21,5,3
54,54,54,34,2,0,0,21,5,3
55,55,55,35,13,0,0,21,5,3
56,56,56,36,62,2,0,21,5,3
57,57,57,4,9,2,0,22,6,3
58,58,58,5,0,0,0,22,6,3
59,59,59,9,2,0,0,22,6,3
60,60,60,10,222,7,0,22,6,3
61,61,61,13,2,0,0,22,6,3
62,62,62,22,1,0,0,22,6,3
63,63,63,26,44,0,0,22,6,3
64,64,64,27,1,0,0,22,6,3
65,65,65,29,1,0,0,22,6,3
66,66,66,31,7,0,0,22,6,3
67,67,67,32,6,0,0,22,6,3
68,68,68,33,4,0,0,22,6,3
69,69,69,34,2,0,0,22,6,3
70,70,70,35,22,0,0,22,6,3
71,71,71,36,63,2,0,22,6,3
72,72,72,4,11,3,0,24,1,3
73,73,73,5,0,0,0,24,1,3
74,74,74,8,1,0,0,24,1,3
75,75,75,9,4,0,0,24,1,3
76,76,76,10,260,10,0,24,1,3
77,77,77,13,2,0,0,24,1,3
78,78,78,22,1,0,0,24,1,3
79,79,79,26,65,0,0,24,1,3
80,80,80,29,1,0,0,24,1,3
81,81,81,31,2,0,0,24,1,3
82,82,82,32,6,0,0,24,1,3
83,83,83,33,5,0,0,24,1,3
84,84,84,34,3,0,0,24,1,3
85,85,85,35,37,0,0,24,1,3
86,86,86,36,58,4,0,24,1,3
87,87,87,4,11,3,0,25,2,3
88,88,88,5,0,0,0,25,2,3
89,89,89,8,1,0,0,25,2,3
90,90,90,9,4,0,0,25,2,3
91,91,91,10,286,10,0,25,2,3
92,92,92,13,2,0,0,25,2,3
93,93,93,22,1,0,0,25,2,3
94,94,94,26,69,0,0,25,2,3
95,95,95,31,2,0,0,25,2,3
96,96,96,32,6,0,0,25,2,3
97,97,97,33,5,0,0,25,2,3
98,98,98,34,3,0,0,25,2,3
99,99,99,35,39,0,0,25,2,3
100,100,100,36,58,4,0,25,2,3
101,101,101,4,19,3,0,26,3,3
102,102,102,5,792,31,0,26,3,3
103,103,103,10,316,10,0,26,3,3
104,104,104,32,6,0,0,26,3,3
105,105,105,8,1,0,0,26,3,3
106,106,106,9,4,0,0,26,3,3
107,107,107,13,3,0,0,26,3,3
108,108,108,22,2,0,0,26,3,3
109,109,109,26,74,1,0,26,3,3
110,110,110,31,2,0,0,26,3,3
111,111,111,33,3,0,0,26,3,3
112,112,112,34,3,0,0,26,3,3
113,113,113,35,40,0,0,26,3,3
114,114,114,36,58,4,0,26,3,3
115,115,115,4,28,3,0,27,4,3
116,116,116,5,806,34,0,27,4,3
117,117,117,10,367,10,0,27,4,3
118,118,118,32,6,0,0,27,4,3
119,119,119,8,1,0,0,27,4,3
120,120,120,9,4,0,0,27,4,3
121,121,121,13,2,0,0,27,4,3
122,122,122,22,2,0,0,27,4,3
123,123,123,24,3,0,0,27,4,3
124,124,124,26,78,2,0,27,4,3
125,125,125,31,2,0,0,27,4,3
126,126,126,33,3,0,0,27,4,3
127,127,127,34,3,0,0,27,4,3
128,128,128,35,45,0,0,27,4,3
129,129,129,36,58,4,0,27,4,3
130,130,130,4,29,3,0,28,5,3
131,131,131,5,806,34,0,28,5,3
132,132,132,10,425,10,0,28,5,3
133,133,133,32,10,0,0,28,5,3
134,134,134,8,1,0,0,28,5,3
135,135,135,9,4,0,0,28,5,3
136,136,136,13,2,0,0,28,5,3
137,137,137,22,2,0,0,28,5,3
138,138,138,24,3,0,0,28,5,3
139,139,139,26,86,2,0,28,5,3
140,140,140,31,2,0,0,28,5,3
141,141,141,33,3,0,0,28,5,3
142,142,142,34,3,0,0,28,5,3
143,143,143,35,51,0,0,28,5,3
144,144,144,36,58,4,0,28,5,3
145,145,145,4,37,3,0,29,6,3
146,146,146,5,806,34,0,29,6,3
147,147,147,10,470,10,0,29,6,3
148,148,148,32,10,0,0,29,6,3
149,149,149,8,1,0,0,29,6,3
150,150,150,9,4,0,0,29,6,3
151,151,151,13,2,0,0,29,6,3
152,152,152,22,2,0,0,29,6,3
153,153,153,24,3,0,0,29,6,3
154,154,154,26,89,2,0,29,6,3
155,155,155,31,3,0,0,29,6,3
156,156,156,33,3,1,0,29,6,3
157,157,157,34,3,0,0,29,6,3
158,158,158,35,59,0,0,29,6,3
159,159,159,36,58,4,0,29,6,3
160,160,160,4,44,4,0,31,1,3
161,161,161,5,806,34,0,31,1,3
162,162,162,10,530,13,0,31,1,3
163,163,163,32,10,0,0,31,1,3
164,164,164,8,1,0,0,31,1,3
165,165,165,9,5,0,0,31,1,3
166,166,166,13,2,0,0,31,1,3
167,167,167,22,2,0,0,31,1,3
168,168,168,24,3,0,0,31,1,3
169,169,169,26,91,2,0,31,1,3
170,170,170,31,3,0,0,31,1,3
171,171,171,33,5,1,0,31,1,3
172,172,172,34,3,0,0,31,1,3
173,173,173,35,59,0,0,31,1,3
174,174,174,36,58,4,0,31,1,3
175,175,175,0,1,0,0,1,2,4
176,176,176,1,1,0,0,1,2,4
177,177,177,4,53,4,0,1,2,4
178,178,178,5,806,34,0,1,2,4
179,179,179,10,685,16,0,1,2,4
180,180,180,32,13,0,0,1,2,4
181,181,181,8,1,0,0,1,2,4
182,182,182,9,5,0,0,1,2,4
183,183,183,13,3,0,0,1,2,4
184,184,184,22,2,0,0,1,2,4
185,185,185,24,3,0,0,1,2,4
186,186,186,26,92,3,0,1,2,4
187,187,187,31,3,0,0,1,2,4
188,188,188,33,6,1,0,1,2,4
189,189,189,34,3,0,0,1,2,4
190,190,190,35,69,0,0,1,2,4
191,191,191,36,58,4,0,1,2,4
192,192,192,0,1,0,0,2,3,4
193,193,193,1,1,0,0,2,3,4
194,194,194,4,58,6,0,2,3,4
195,195,195,5,1190,46,0,2,3,4
196,196,196,10,708,16,0,2,3,4
197,197,197,32,13,0,0,2,3,4
198,198,198,8,1,0,0,2,3,4
199,199,199,9,5,0,0,2,3,4
200,200,200,13,3,0,0,2,3,4
201,201,201,22,2,0,0,2,3,4
202,202,202,24,3,0,0,2,3,4
203,203,203,26,95,4,0,2,3,4
204,204,204,29,1,0,0,2,3,4
205,205,205,31,2,0,0,2,3,4
206,206,206,33,7,2,0,2,3,4
207,207,207,34,3,0,0,2,3,4
208,208,208,35,72,0,0,2,3,4
209,209,209,36,58,4,0,2,3,4
210,210,210,0,1,0,0,3,4,4
211,211,211,1,1,0,0,3,4,4
212,212,212,2,1,0,0,3,4,4
213,213,213,4,62,6,0,3,4,4
214,214,214,5,1190,46,0,3,4,4
215,215,215,10,734,17,0,3,4,4
216,216,216,32,14,0,0,3,4,4
217,217,217,8,3,0,0,3,4,4
218,218,218,9,5,0,0,3,4,4
219,219,219,13,3,0,0,3,4,4
220,220,220,22,1,0,0,3,4,4
221,221,221,24,1,0,0,3,4,4
222,222,222,26,98,4,0,3,4,4
223,223,223,31,2,0,0,3,4,4
224,224,224,33,7,2,0,3,4,4
225,225,225,34,3,0,0,3,4,4
226,226,226,35,85,0,0,3,4,4
227,227,227,36,59,4,0,3,4,4
228,228,228,0,1,0,0,4,5,4
229,229,229,1,1,0,0,4,5,4
230,230,230,2,1,0,0,4,5,4
231,231,231,4,69,7,0,4,5,4
232,232,232,5,1220,49,0,4,5,4
233,233,233,10,761,17,0,4,5,4
234,234,234,32,15,0,0,4,5,4
235,235,235,8,3,0,0,4,5,4
236,236,236,9,5,0,0,4,5,4
237,237,237,13,3,0,0,4,5,4
238,238,238,22,1,0,0,4,5,4
239,239,239,24,1,0,0,4,5,4
240,240,240,26,100,5,0,4,5,4
241,241,241,29,1,0,0,4,5,4
242,242,242,31,2,0,0,4,5,4
243,243,243,33,7,2,0,4,5,4
244,244,244,34,3,0,0,4,5,4
245,245,245,35,100,0,0,4,5,4
246,246,246,36,59,4,0,4,5,4
247,247,247,0,1,0,0,5,6,4
248,248,248,1,1,0,0,5,6,4
249,249,249,2,1,0,0,5,6,4
250,250,250,4,74,7,0,5,6,4
251,251,251,5,1220,49,0,5,6,4
252,252,252,10,800,20,0,5,6,4
253,253,253,32,17,0,0,5,6,4
254,254,254,8,3,0,0,5,6,4
255,255,255,9,5,0,0,5,6,4
256,256,256,13,3,0,0,5,6,4
257,257,257,17,1,1,0,5,6,4
258,258,258,22,1,0,0,5,6,4
259,259,259,24,1,0,0,5,6,4
260,260,260,26,101,6,0,5,6,4
261,261,261,29,1,0,0,5,6,4
262,262,262,31,1,0,0,5,6,4
263,263,263,33,7,2,0,5,6,4
264,264,264,34,4,0,0,5,6,4
265,265,265,35,115,0,0,5,6,4
266,266,266,36,59,4,0,5,6,4
267,267,267,0,1,0,0,7,1,4
268,268,268,2,1,0,0,7,1,4
269,269,269,4,90,9,0,7,1,4
270,270,270,5,1268,53,0,7,1,4
271,271,271,10,883,23,0,7,1,4
272,272,272,32,21,0,0,7,1,4
273,273,273,8,3,0,0,7,1,4
274,274,274,9,5,0,0,7,1,4
275,275,275,13,3,0,0,7,1,4
276,276,276,17,1,1,0,7,1,4
277,277,277,22,1,0,0,7,1,4
278,278,278,24,1,0,0,7,1,4
279,279,279,26,106,6,0,7,1,4
280,280,280,29,1,0,0,7,1,4
281,281,281,31,1,0,0,7,1,4
282,282,282,33,7,2,0,7,1,4
283,283,283,34,5,0,0,7,1,4
284,284,284,35,141,0,0,7,1,4
285,285,285,36,62,4,0,7,1,4
286,286,286,0,1,0,0,8,2,4
287,287,287,2,1,0,0,8,2,4
288,288,288,4,91,10,0,8,2,4
289,289,289,5,1279,53,0,8,2,4
290,290,290,10,928,25,0,8,2,4
291,291,291,32,19,0,0,8,2,4
292,292,292,8,4,0,0,8,2,4
293,293,293,9,5,0,0,8,2,4
294,294,294,13,3,0,0,8,2,4
295,295,295,17,1,1,0,8,2,4
296,296,296,22,1,0,0,8,2,4
297,297,297,24,1,0,0,8,2,4
298,298,298,26,113,8,0,8,2,4
299,299,299,29,1,0,0,8,2,4
300,300,300,31,1,0,0,8,2,4
301,301,301,33,7,2,0,8,2,4
302,302,302,34,5,0,0,8,2,4
303,303,303,35,148,0,0,8,2,4
304,304,304,36,62,4,0,8,2,4
305,305,305,2,1,0,0,9,3,4
306,306,306,4,94,10,0,9,3,4
307,307,307,5,1280,53,0,9,3,4
308,308,308,10,970,27,0,9,3,4
309,309,309,32,19,0,0,9,3,4
310,310,310,8,4,0,0,9,3,4
311,311,311,9,5,0,0,9,3,4
312,312,312,13,3,0,0,9,3,4
313,313,313,17,1,1,0,9,3,4
314,314,314,22,1,0,0,9,3,4
315,315,315,24,1,0,0,9,3,4
316,316,316,26,118,9,0,9,3,4
317,317,317,29,1,0,0,9,3,4
318,318,318,31,1,0,0,9,3,4
319,319,319,33,7,2,0,9,3,4
320,320,320,34,5,0,0,9,3,4
321,321,321,35,149,0,0,9,3,4
322,322,322,36,62,4,0,9,3,4
323,323,323,2,2,0,0,10,4,4
324,324,324,4,97,10,22,10,4,4
325,325,325,5,1290,55,1025,10,4,4
326,326,326,10,998,30,154,10,4,4
327,327,327,32,19,0,5,10,4,4
328,328,328,8,4,0,0,10,4,4
329,329,329,9,6,0,2,10,4,4
330,330,330,13,3,0,1,10,4,4
331,331,331,15,1,0,0,10,4,4
332,332,332,17,3,1,0,10,4,4
333,333,333,22,1,0,1,10,4,4
334,334,334,24,1,0,0,10,4,4
335,335,335,26,126,9,75,10,4,4
336,336,336,29,1,0,0,10,4,4
337,337,337,31,1,0,1,10,4,4
338,338,338,33,7,2,5,10,4,4
339,339,339,34,5,0,3,10,4,4
340,340,340,35,154,0,0,10,4,4
341,341,341,36,62,4,43,10,4,4
342,342,342,2,2,0,0,11,5,4
343,343,343,4,98,10,25,11,5,4
344,344,344,5,1309,58,1037,11,5,4
345,345,345,10,1059,32,169,11,5,4
346,346,346,32,21,0,6,11,5,4
347,347,347,8,5,0,0,11,5,4
348,348,348,9,6,0,4,11,5,4
349,349,349,13,3,0,2,11,5,4
350,350,350,14,4,0,0,11,5,4
351,351,351,15,1,0,0,11,5,4
352,352,352,17,4,1,0,11,5,4
353,353,353,22,1,0,1,11,5,4
354,354,354,24,1,0,0,11,5,4
355,355,355,26,133,9,77,11,5,4
356,356,356,28,1,0,0,11,5,4
357,357,357,29,1,0,0,11,5,4
358,358,358,31,1,0,1,11,5,4
359,359,359,33,7,2,5,11,5,4
360,360,360,34,5,0,3,11,5,4
361,361,361,35,166,0,0,11,5,4
362,362,362,36,62,4,43,11,5,4
363,363,363,2,2,0,0,12,6,4
364,364,364,4,101,10,26,12,6,4
365,365,365,5,1309,58,1037,12,6,4
366,366,366,10,1108,35,215,12,6,4
367,367,367,32,23,0,7,12,6,4
368,368,368,8,5,0,1,12,6,4
369,369,369,9,6,0,4,12,6,4
370,370,370,13,3,0,2,12,6,4
371,371,371,14,4,0,0,12,6,4
372,372,372,15,1,0,0,12,6,4
373,373,373,17,4,1,0,12,6,4
374,374,374,22,1,0,1,12,6,4
375,375,375,24,1,0,0,12,6,4
376,376,376,26,147,9,77,12,6,4
377,377,377,28,1,0,0,12,6,4
378,378,378,29,1,0,0,12,6,4
379,379,379,31,1,0,1,12,6,4
380,380,380,33,8,2,5,12,6,4
381,381,381,34,6,0,3,12,6,4
382,382,382,35,166,0,0,12,6,4
383,383,383,5,62,4,46,12,6,4
384,384,384,2,2,0,0,14,1,4
385,385,385,4,100,13,27,14,1,4
386,386,386,5,1418,64,1088,14,1,4
387,387,387,10,1190,47,229,14,1,4
388,388,388,32,23,0,7,14,1,4
389,389,389,8,5,0,1,14,1,4
390,390,390,9,6,0,4,14,1,4
391,391,391,12,1,0,0,14,1,4
392,392,392,13,3,0,2,14,1,4
393,393,393,15,1,0,0,14,1,4
394,394,394,17,4,1,0,14,1,4
395,395,395,20,1,0,1,14,1,4
396,396,396,22,1,0,1,14,1,4
397,397,397,24,1,0,0,14,1,4
398,398,398,26,158,12,84,14,1,4
399,399,399,28,1,0,0,14,1,4
400,400,400,29,1,0,0,14,1,4
401,401,401,30,1,0,0,14,1,4
402,402,402,31,1,0,1,14,1,4
403,403,403,33,8,2,5,14,1,4
404,404,404,34,6,0,3,14,1,4
405,405,405,35,174,0,0,14,1,4
406,406,406,36,63,5,46,14,1,4
407,407,407,2,2,0,0,15,2,4
408,408,408,4,100,13,27,15,2,4
409,409,409,5,1418,64,1088,15,2,4
410,410,410,10,1232,56,243,15,2,4
411,411,411,32,23,0,7,15,2,4
412,412,412,8,5,0,1,15,2,4
413,413,413,9,6,0,4,15,2,4
414,414,414,12,1,0,0,15,2,4
415,415,415,13,3,0,2,15,2,4
416,416,416,14,1,0,0,15,2,4
417,417,417,15,1,0,0,15,2,4
418,418,418,17,4,1,0,15,2,4
419,419,419,20,1,0,1,15,2,4
420,420,420,22,1,0,1,15,2,4
421,421,421,24,1,0,1,15,2,4
422,422,422,26,162,13,85,15,2,4
423,423,423,28,1,0,0,15,2,4
424,424,424,29,1,0,0,15,2,4
425,425,425,30,1,0,0,15,2,4
426,426,426,31,1,0,1,15,2,4
427,427,427,33,8,2,5,15,2,4
428,428,428,34,6,0,3,15,2,4
429,429,429,35,193,0,0,15,2,4
430,430,430,36,63,5,46,15,2,4
431,431,431,2,2,0,0,16,3,4
432,432,432,4,103,13,37,16,3,4
433,433,433,5,1432,64,1094,16,3,4
434,434,434,10,1268,61,257,16,3,4
435,435,435,32,27,0,10,16,3,4
436,436,436,8,5,0,1,16,3,4
437,437,437,9,6,0,4,16,3,4
438,438,438,12,1,0,0,16,3,4
439,439,439,13,3,0,2,16,3,4
440,440,440,14,1,0,0,16,3,4
441,441,441,15,1,0,0,16,3,4
442,442,442,17,5,1,0,16,3,4
443,443,443,20,1,0,1,16,3,4
444,444,444,22,1,0,1,16,3,4
445,445,445,24,1,0,1,16,3,4
446,446,446,26,162,13,85,16,3,4
447,447,447,28,1,0,0,16,3,4
448,448,448,29,1,0,0,16,3,4
449,449,449,30,1,0,0,16,3,4
450,450,450,31,1,0,1,16,3,4
451,451,451,33,8,2,5,16,3,4
452,452,452,34,6,0,3,16,3,4
453,453,453,35,193,0,0,16,3,4
454,454,454,36,63,5,46,16,3,4
455,455,455,0,3,0,3,17,4,4
456,456,456,2,2,0,0,17,4,4
457,457,457,4,126,12,46,17,4,4
458,458,458,5,1457,65,1107,17,4,4
459,459,459,10,1297,65,272,17,4,4
460,460,460,32,27,0,10,17,4,4
461,461,461,8,5,0,1,17,4,4
462,462,462,9,6,0,4,17,4,4
463,463,463,11,1,0,0,17,4,4
464,464,464,12,1,0,0,17,4,4
465,465,465,13,3,0,2,17,4,4
466,466,466,14,2,0,0,17,4,4
467,467,467,15,1,0,0,17,4,4
468,468,468,17,5,1,0,17,4,4
469,469,469,18,3,0,3,17,4,4
470,470,470,20,1,0,1,17,4,4
471,471,471,22,1,0,1,17,4,4
472,472,472,24,1,0,1,17,4,4
473,473,473,26,167,15,91,17,4,4
474,474,474,28,1,0,0,17,4,4
475,475,475,29,1,0,0,17,4,4
476,476,476,30,1,0,0,17,4,4
477,477,477,31,1,0,1,17,4,4
478,478,478,33,8,2,5,17,4,4
479,479,479,34,6,0,3,17,4,4
480,480,480,35,199,0,0,17,4,4
481,481,481,36,63,5,46,17,4,4
482,482,482,0,3,0,3,18,5,4
483,483,483,2,2,0,0,18,5,4
484,484,484,4,132,12,54,18,5,4
485,485,485,5,1512,65,1140,18,5,4
486,486,486,10,1358,81,363,18,5,4
487,487,487,32,29,0,17,18,5,4
488,488,488,8,5,0,1,18,5,4
489,489,489,9,6,0,4,18,5,4
490,490,490,11,1,0,1,18,5,4
491,491,491,12,1,0,0,18,5,4
492,492,492,13,3,0,2,18,5,4
493,493,493,14,4,0,0,18,5,4
494,494,494,15,1,0,0,18,5,4
495,495,495,17,5,1,0,18,5,4
496,496,496,18,3,0,3,18,5,4
497,497,497,20,1,0,1,18,5,4
498,498,498,22,1,0,1,18,5,4
499,499,499,24,1,0,1,18,5,4
500,500,500,26,177,16,100,18,5,4
501,501,501,28,1,0,0,18,5,4
502,502,502,29,1,0,0,18,5,4
503,503,503,30,3,0,0,18,5,4
504,504,504,31,1,0,1,18,5,4
505,505,505,33,7,2,6,18,5,4
506,506,506,34,6,0,5,18,5,4
507,507,507,35,220,0,0,18,5,4
508,508,508,36,63,5,46,18,5,4
509,509,509,0,3,0,3,19,6,4
510,510,510,2,2,0,0,19,6,4
511,511,511,4,132,12,54,19,6,4
512,512,512,5,1512,65,1140,19,6,4
513,513,513,10,1358,81,363,19,6,4
514,514,514,32,29,0,17,19,6,4
515,515,515,8,5,0,1,19,6,4
516,516,516,9,6,0,4,19,6,4
517,517,517,11,1,0,1,19,6,4
518,518,518,12,1,0,0,19,6,4
519,519,519,13,3,0,2,19,6,4
520,520,520,14,4,0,0,19,6,4
521,521,521,15,1,0,0,19,6,4
522,522,522,17,5,1,0,19,6,4
523,523,523,18,3,0,3,19,6,4
524,524,524,20,1,0,1,19,6,4
525,525,525,22,1,0,1,19,6,4
526,526,526,24,1,0,1,19,6,4
527,527,527,26,177,16,100,19,6,4
528,528,528,28,1,0,0,19,6,4
529,529,529,29,1,0,0,19,6,4
530,530,530,30,3,0,0,19,6,4
531,531,531,31,1,0,1,19,6,4
532,532,532,33,7,2,6,19,6,4
533,533,533,34,6,0,5,19,6,4
534,534,534,35,220,0,0,19,6,4
535,535,535,36,63,5,46,19,6,4
536,536,536,0,3,0,3,21,1,4
537,537,537,2,2,0,0,21,1,4
538,538,538,4,132,12,54,21,1,4
539,539,539,5,1959,86,1187,21,1,4
540,540,540,10,1402,94,436,21,1,4
541,541,541,32,29,0,17,21,1,4
542,542,542,8,5,0,1,21,1,4
543,543,543,9,6,0,4,21,1,4
544,544,544,11,1,0,1,21,1,4
545,545,545,12,1,0,0,21,1,4
546,546,546,13,3,0,2,21,1,4
547,547,547,14,5,0,0,21,1,4
548,548,548,15,1,0,1,21,1,4
549,549,549,17,6,1,0,21,1,4
550,550,550,18,3,0,3,21,1,4
551,551,551,20,2,1,1,21,1,4
552,552,552,22,1,0,1,21,1,4
553,553,553,24,1,0,1,21,1,4
554,554,554,26,178,16,104,21,1,4
555,555,555,28,1,0,0,21,1,4
556,556,556,29,1,0,0,21,1,4
557,557,557,30,3,0,0,21,1,4
558,558,558,31,1,0,1,21,1,4
559,559,559,33,7,2,5,21,1,4
560,560,560,34,6,0,5,21,1,4
561,561,561,35,39,0,0,21,1,4
562,562,562,36,63,5,46,21,1,4
563,563,563,0,3,0,3,22,2,4
564,564,564,2,2,0,0,22,2,4
565,565,565,4,139,13,65,22,2,4
566,566,566,5,2001,92,1201,22,2,4
567,567,567,10,1434,99,461,22,2,4
568,568,568,32,29,0,21,22,2,4
569,569,569,8,5,0,1,22,2,4
570,570,570,9,7,0,6,22,2,4
571,571,571,11,1,0,1,22,2,4
572,572,572,12,1,0,0,22,2,4
573,573,573,13,3,0,2,22,2,4
574,574,574,14,2,0,0,22,2,4
575,575,575,15,1,0,1,22,2,4
576,576,576,17,6,1,0,22,2,4
577,577,577,18,3,0,3,22,2,4
578,578,578,20,2,1,1,22,2,4
579,579,579,22,1,0,1,22,2,4
580,580,580,24,1,0,1,22,2,4
581,581,581,26,186,16,110,22,2,4
582,582,582,28,1,0,0,22,2,4
583,583,583,29,1,0,0,22,2,4
584,584,584,30,3,0,0,22,2,4
585,585,585,31,1,0,1,22,2,4
586,586,586,33,7,2,5,22,2,4
587,587,587,34,6,0,5,22,2,4
588,588,588,35,38,0,0,22,2,4
589,589,589,36,63,5,46,22,2,4
590,590,590,0,4,0,3,23,3,4
591,591,591,2,2,0,0,23,3,4
592,592,592,4,140,13,65,23,3,4
593,593,593,5,2305,106,1231,23,3,4
594,594,594,10,1458,105,522,23,3,4
595,595,595,32,37,0,21,23,3,4
596,596,596,8,5,0,1,23,3,4
597,597,597,9,7,0,6,23,3,4
598,598,598,11,1,0,1,23,3,4
599,599,599,12,1,0,0,23,3,4
600,600,600,13,3,0,2,23,3,4
601,601,601,14,2,0,0,23,3,4
602,602,602,15,1,0,1,23,3,4
603,603,603,17,5,2,2,23,3,4
604,604,604,18,3,0,3,23,3,4
605,605,605,20,2,1,1,23,3,4
606,606,606,22,1,0,1,23,3,4
607,607,607,24,1,0,1,23,3,4
608,608,608,26,189,17,114,23,3,4
609,609,609,28,1,0,0,23,3,4
610,610,610,29,1,0,0,23,3,4
611,611,611,30,3,0,0,23,3,4
612,612,612,31,1,0,1,23,3,4
613,613,613,33,7,2,5,23,3,4
614,614,614,34,6,0,5,23,3,4
615,615,615,35,39,0,0,23,3,4
616,616,616,36,63,5,46,23,3,4
617,617,617,2,2,0,2,24,4,4
618,618,618,3,1,0,0,24,4,4
619,619,619,4,140,15,67,24,4,4
620,620,620,5,2422,110,1254,24,4,4
621,621,621,10,1488,109,567,24,4,4
622,622,622,32,37,0,21,24,4,4
623,623,623,8,5,0,1,24,4,4
624,624,624,9,7,0,6,24,4,4
625,625,625,11,1,0,1,24,4,4
626,626,626,12,1,0,1,24,4,4
627,627,627,13,4,0,3,24,4,4
628,628,628,14,2,0,0,24,4,4
629,629,629,15,1,0,1,24,4,4
630,630,630,17,5,2,2,24,4,4
631,631,631,18,3,0,3,24,4,4
632,632,632,20,2,1,1,24,4,4
633,633,633,22,1,0,1,24,4,4
634,634,634,24,1,0,1,24,4,4
635,635,635,26,192,19,118,24,4,4
636,636,636,28,1,0,0,24,4,4
637,637,637,29,1,0,1,24,4,4
638,638,638,30,3,0,2,24,4,4
639,639,639,31,1,0,1,24,4,4
640,640,640,33,8,2,5,24,4,4
641,641,641,34,6,0,6,24,4,4
642,642,642,35,37,0,0,24,4,4
643,643,643,36,63,5,49,24,4,4
644,644,644,2,2,0,2,25,5,4
645,645,645,3,1,0,0,25,5,4
646,646,646,4,140,15,74,25,5,4
647,647,647,5,2601,115,1277,25,5,4
648,648,648,10,1510,115,614,25,5,4
649,649,649,32,41,0,21,25,5,4
650,650,650,8,5,0,1,25,5,4
651,651,651,9,7,0,6,25,5,4
652,652,652,11,1,0,1,25,5,4
653,653,653,12,1,0,1,25,5,4
654,654,654,13,4,0,3,25,5,4
655,655,655,14,2,0,0,25,5,4
656,656,656,15,1,0,1,25,5,4
657,657,657,17,5,2,2,25,5,4
658,658,658,18,3,0,3,25,5,4
659,659,659,20,2,1,1,25,5,4
660,660,660,22,1,0,1,25,5,4
661,661,661,24,1,0,1,25,5,4
662,662,662,26,195,19,126,25,5,4
663,663,663,28,1,0,0,25,5,4
664,664,664,29,1,0,1,25,5,4
665,665,665,30,3,0,2,25,5,4
666,666,666,31,1,0,1,25,5,4
667,667,667,33,8,2,5,25,5,4
668,668,668,34,6,0,6,25,5,4
669,669,669,35,39,0,0,25,5,4
670,670,670,36,63,5,53,25,5,4
671,671,671,2,2,0,2,26,6,4
672,672,672,3,1,0,0,26,6,4
673,673,673,4,142,18,77,26,6,4
674,674,674,5,2753,122,1285,26,6,4
675,675,675,10,1527,121,632,26,6,4
676,676,676,32,49,0,25,26,6,4
677,677,677,8,5,0,1,26,6,4
678,678,678,9,7,0,6,26,6,4
679,679,679,11,1,0,1,26,6,4
680,680,680,12,1,0,1,26,6,4
681,681,681,13,4,0,3,26,6,4
682,682,682,14,2,0,0,26,6,4
683,683,683,15,1,0,1,26,6,4
684,684,684,17,5,2,2,26,6,4
685,685,685,18,5,0,3,26,6,4
686,686,686,20,4,2,1,26,6,4
687,687,687,22,1,0,1,26,6,4
688,688,688,24,1,0,1,26,6,4
689,689,689,26,198,21,126,26,6,4
690,690,690,28,1,0,0,26,6,4
691,691,691,29,1,0,1,26,6,4
692,692,692,30,3,0,2,26,6,4
693,693,693,31,1,0,1,26,6,4
694,694,694,33,7,2,5,26,6,4
695,695,695,34,6,0,6,26,6,4
696,696,696,35,41,0,0,26,6,4
697,697,697,36,63,5,53,26,6,4
698,698,698,2,2,0,2,28,1,4
699,699,699,3,1,0,0,28,1,4
700,700,700,4,142,18,77,28,1,4
701,701,701,5,2914,131,1299,28,1,4
702,702,702,10,1557,138,710,28,1,4
703,703,703,32,66,0,25,28,1,4
704,704,704,8,5,0,1,28,1,4
705,705,705,9,7,0,6,28,1,4
706,706,706,11,1,0,1,28,1,4
707,707,707,12,1,0,1,28,1,4
708,708,708,13,8,0,3,28,1,4
709,709,709,14,2,0,0,28,1,4
710,710,710,15,1,0,1,28,1,4
711,711,711,17,6,2,2,28,1,4
712,712,712,18,5,0,3,28,1,4
713,713,713,20,4,2,1,28,1,4
714,714,714,22,1,0,1,28,1,4
715,715,715,24,1,0,1,28,1,4
716,716,716,26,199,23,137,28,1,4
717,717,717,28,1,0,0,28,1,4
718,718,718,29,1,0,1,28,1,4
719,719,719,30,3,0,2,28,1,4
720,720,720,31,1,0,1,28,1,4
721,721,721,33,7,2,5,28,1,4
722,722,722,34,6,0,6,28,1,4
723,723,723,35,41,0,0,28,1,4
724,724,724,36,63,5,53,28,1,4
725,725,725,2,2,0,2,29,2,4
726,726,726,3,1,0,0,29,2,4
727,727,727,4,146,20,86,29,2,4
728,728,728,5,3303,148,1322,29,2,4
729,729,729,10,1572,150,759,29,2,4
730,730,730,32,66,0,25,29,2,4
731,731,731,8,5,0,1,29,2,4
732,732,732,9,7,0,6,29,2,4
733,733,733,11,1,0,1,29,2,4
734,734,734,12,1,0,1,29,2,4
735,735,735,13,9,0,4,29,2,4
736,736,736,14,2,0,0,29,2,4
737,737,737,15,1,0,1,29,2,4
738,738,738,17,6,2,3,29,2,4
739,739,739,18,5,0,3,29,2,4
740,740,740,20,4,2,1,29,2,4
741,741,741,22,1,0,1,29,2,4
742,742,742,23,1,0,0,29,2,4
743,743,743,24,1,0,1,29,2,4
744,744,744,26,201,24,139,29,2,4
745,745,745,28,1,0,0,29,2,4
746,746,746,29,1,0,1,29,2,4
747,747,747,30,3,0,2,29,2,4
748,748,748,31,1,0,1,29,2,4
749,749,749,33,7,2,5,29,2,4
750,750,750,34,6,0,6,29,2,4
751,751,751,35,41,0,0,29,2,4
752,752,752,36,63,5,53,29,2,4
753,753,753,2,2,0,2,30,3,4
754,754,754,3,1,0,0,30,3,4
755,755,755,4,148,20,87,30,3,4
756,756,756,5,3460,159,1332,30,3,4
757,757,757,10,1589,157,791,30,3,4
758,758,758,16,1,0,0,30,3,4
759,759,759,32,78,1,25,30,3,4
760,760,760,8,5,0,1,30,3,4
761,761,761,9,7,0,7,30,3,4
762,762,762,12,2,0,1,30,3,4
763,763,763,13,9,0,4,30,3,4
764,764,764,14,2,0,0,30,3,4
765,765,765,15,1,0,1,30,3,4
766,766,766,17,6,2,3,30,3,4
767,767,767,18,6,0,3,30,3,4
768,768,768,20,4,2,1,30,3,4
769,769,769,22,1,0,1,30,3,4
770,770,770,23,1,0,0,30,3,4
771,771,771,24,1,0,1,30,3,4
772,772,772,26,201,24,139,30,3,4
773,773,773,28,1,0,0,30,3,4
774,774,774,29,1,0,1,30,3,4
775,775,775,30,3,0,2,30,3,4
776,776,776,31,1,0,1,30,3,4
777,777,777,33,7,2,5,30,3,4
778,778,778,34,6,0,6,30,3,4
779,779,779,35,52,0,0,30,3,4
780,780,780,36,63,5,53,30,3,4
781,781,781,2,2,0,2,1,4,5
782,782,782,3,1,0,0,1,4,5
783,783,783,4,147,20,87,1,4,5
784,784,784,5,3638,170,1351,1,4,5
785,785,785,10,1600,162,834,1,4,5
786,786,786,16,1,0,0,1,4,5
787,787,787,32,89,3,25,1,4,5
788,788,788,8,5,0,1,1,4,5
789,789,789,9,7,0,7,1,4,5
790,790,790,12,2,0,1,1,4,5
791,791,791,13,9,0,4,1,4,5
792,792,792,14,2,0,0,1,4,5
793,793,793,15,1,0,1,1,4,5
794,794,794,17,6,2,3,1,4,5
795,795,795,18,6,0,3,1,4,5
796,796,796,20,4,2,1,1,4,5
797,797,797,21,1,0,0,1,4,5
798,798,798,22,1,0,1,1,4,5
799,799,799,23,1,0,0,1,4,5
800,800,800,24,1,0,1,1,4,5
801,801,801,26,201,25,143,1,4,5
802,802,802,28,1,0,0,1,4,5
803,803,803,29,1,0,1,1,4,5
804,804,804,30,3,0,2,1,4,5
805,805,805,31,1,0,1,1,4,5
806,806,806,33,7,2,5,1,4,5
807,807,807,34,6,0,6,1,4,5
808,808,808,35,54,0,23,1,4,5
809,809,809,36,63,5,56,1,4,5
810,810,810,2,2,0,2,2,5,5
811,811,811,3,1,0,0,2,5,5
812,812,812,4,149,22,93,2,5,5
813,813,813,5,3799,181,1372,2,5,5
814,814,814,10,1611,170,878,2,5,5
815,815,815,16,1,0,0,2,5,5
816,816,816,32,100,8,25,2,5,5
817,817,817,8,5,0,4,2,5,5
818,818,818,9,7,0,7,2,5,5
819,819,819,12,2,0,1,2,5,5
820,820,820,13,9,0,4,2,5,5
821,821,821,15,1,0,1,2,5,5
822,822,822,17,6,2,3,2,5,5
823,823,823,18,8,0,4,2,5,5
824,824,824,19,1,0,1,2,5,5
825,825,825,20,3,2,1,2,5,5
826,826,826,21,1,0,0,2,5,5
827,827,827,22,1,0,1,2,5,5
828,828,828,23,1,0,0,2,5,5
829,829,829,24,1,0,1,2,5,5
830,830,830,26,203,25,146,2,5,5
831,831,831,28,1,0,0,2,5,5
832,832,832,29,1,0,1,2,5,5
833,833,833,30,3,0,2,2,5,5
834,834,834,31,1,0,1,2,5,5
835,835,835,33,7,2,5,2,5,5
836,836,836,34,6,0,6,2,5,5
837,837,837,35,56,0,24,2,5,5
838,838,838,36,63,5,56,2,5,5
839,839,839,2,2,0,2,3,6,5
840,840,840,3,1,0,0,3,6,5
841,841,841,4,149,22,94,3,6,5
842,842,842,5,3971,190,1406,3,6,5
843,843,843,10,1621,179,898,3,6,5
844,844,844,16,1,0,0,3,6,5
845,845,845,32,100,8,25,3,6,5
846,846,846,8,5,0,4,3,6,5
847,847,847,9,7,0,7,3,6,5
848,848,848,12,2,0,1,3,6,5
849,849,849,13,9,0,4,3,6,5
850,850,850,15,1,0,1,3,6,5
851,851,851,17,6,2,3,3,6,5
852,852,852,18,8,0,4,3,6,5
853,853,853,19,1,0,1,3,6,5
854,854,854,20,3,2,1,3,6,5
855,855,855,21,1,0,0,3,6,5
856,856,856,22,1,0,1,3,6,5
857,857,857,23,1,0,0,3,6,5
858,858,858,24,1,0,1,3,6,5
859,859,859,26,203,25,147,3,6,5
860,860,860,28,1,0,1,3,6,5
861,861,861,29,1,0,1,3,6,5
862,862,862,30,3,0,2,3,6,5
863,863,863,31,1,0,1,3,6,5
864,864,864,33,7,2,5,3,6,5
865,865,865,34,6,0,6,3,6,5
866,866,866,35,54,0,24,3,6,5
867,867,867,36,63,5,58,3,6,5
868,868,868,2,2,0,2,5,1,5
869,869,869,3,1,0,0,5,1,5
870,870,870,4,148,22,93,5,1,5
871,871,871,5,4280,206,1433,5,1,5
872,872,872,10,1637,187,930,5,1,5
873,873,873,16,1,0,0,5,1,5
874,874,874,32,116,8,25,5,1,5
875,875,875,8,5,0,4,5,1,5
876,876,876,9,7,0,7,5,1,5
877,877,877,12,2,0,1,5,1,5
878,878,878,13,9,0,4,5,1,5
879,879,879,15,1,0,1,5,1,5
880,880,880,17,7,2,4,5,1,5
881,881,881,18,8,0,4,5,1,5
882,882,882,19,1,0,1,5,1,5
883,883,883,20,3,2,1,5,1,5
884,884,884,21,1,0,0,5,1,5
885,885,885,22,1,0,1,5,1,5
886,886,886,23,1,0,0,5,1,5
887,887,887,24,1,0,1,5,1,5
888,888,888,26,204,26,149,5,1,5
889,889,889,28,1,1,0,5,1,5
890,890,890,29,1,0,1,5,1,5
891,891,891,30,3,0,2,5,1,5
892,892,892,31,1,0,1,5,1,5
893,893,893,33,7,2,5,5,1,5
894,894,894,34,6,0,6,5,1,5
895,895,895,35,61,0,26,5,1,5
896,896,896,36,63,5,58,5,1,5
897,897,897,2,2,0,2,6,2,5
898,898,898,3,1,0,0,6,2,5
899,899,899,4,148,22,93,6,2,5
900,900,900,5,4409,214,1460,6,2,5
901,901,901,10,1646,193,958,6,2,5
902,902,902,16,1,0,0,6,2,5
903,903,903,32,116,10,25,6,2,5
904,904,904,6,1,0,1,6,2,5
905,905,905,8,5,0,4,6,2,5
906,906,906,9,7,0,7,6,2,5
907,907,907,11,1,0,0,6,2,5
908,908,908,12,2,0,1,6,2,5
909,909,909,13,9,0,4,6,2,5
910,910,910,15,1,0,1,6,2,5
911,911,911,17,7,2,4,6,2,5
912,912,912,18,8,0,4,6,2,5
913,913,913,19,1,0,1,6,2,5
914,914,914,20,3,2,1,6,2,5
915,915,915,21,1,0,0,6,2,5
916,916,916,22,1,0,1,6,2,5
917,917,917,23,1,0,0,6,2,5
918,918,918,24,1,0,1,6,2,5
919,919,919,26,204,27,149,6,2,5
920,920,920,28,1,1,0,6,2,5
921,921,921,29,1,0,1,6,2,5
922,922,922,30,3,0,2,6,2,5
923,923,923,31,1,0,1,6,2,5
924,924,924,33,7,2,5,6,2,5
925,925,925,34,6,0,6,6,2,5
926,926,926,35,65,0,32,6,2,5
927,927,927,36,63,5,58,6,2,5
928,928,928,2,2,0,2,7,3,5
929,929,929,3,1,0,0,7,3,5
930,930,930,4,146,22,93,7,3,5
931,931,931,5,4560,219,1487,7,3,5
932,932,932,10,1654,204,984,7,3,5
933,933,933,16,1,0,0,7,3,5
934,934,934,32,125,11,26,7,3,5
935,935,935,6,1,0,1,7,3,5
936,936,936,8,6,0,4,7,3,5
937,937,937,9,8,0,7,7,3,5
938,938,938,11,1,0,0,7,3,5
939,939,939,12,2,0,1,7,3,5
940,940,940,13,9,0,5,7,3,5
941,941,941,15,1,0,1,7,3,5
942,942,942,17,7,2,4,7,3,5
943,943,943,18,9,0,6,7,3,5
944,944,944,19,1,0,1,7,3,5
945,945,945,20,10,2,2,7,3,5
946,946,946,21,1,0,0,7,3,5
947,947,947,22,1,0,1,7,3,5
948,948,948,23,1,0,0,7,3,5
949,949,949,24,1,0,1,7,3,5
950,950,950,26,204,27,150,7,3,5
951,951,951,28,1,1,0,7,3,5
952,952,952,29,1,0,1,7,3,5
953,953,953,30,3,0,2,7,3,5
954,954,954,31,1,0,1,7,3,5
955,955,955,33,7,2,5,7,3,5
956,956,956,34,6,0,6,7,3,5
957,957,957,35,65,0,32,7,3,5
958,958,958,36,63,5,58,7,3,5
959,959,959,2,2,0,2,8,4,5
960,960,960,3,1,0,0,8,4,5
961,961,961,4,146,22,95,8,4,5
962,962,962,5,4698,224,1529,8,4,5
963,963,963,10,1661,208,1008,8,4,5
964,964,964,16,1,0,0,8,4,5
965,965,965,32,131,13,26,8,4,5
966,966,966,6,1,0,1,8,4,5
967,967,967,7,1,0,0,8,4,5
968,968,968,8,6,0,4,8,4,5
969,969,969,9,8,0,7,8,4,5
970,970,970,11,1,0,0,8,4,5
971,971,971,12,2,0,1,8,4,5
972,972,972,13,9,0,6,8,4,5
973,973,973,15,1,0,1,8,4,5
974,974,974,17,7,2,4,8,4,5
975,975,975,18,9,0,6,8,4,5
976,976,976,19,1,0,1,8,4,5
977,977,977,20,10,2,2,8,4,5
978,978,978,21,1,0,0,8,4,5
979,979,979,22,1,0,1,8,4,5
980,980,980,23,1,0,1,8,4,5
981,981,981,24,1,0,1,8,4,5
982,982,982,26,204,27,153,8,4,5
983,983,983,28,1,1,0,8,4,5
984,984,984,29,1,0,1,8,4,5
985,985,985,30,3,0,2,8,4,5
986,986,986,31,1,0,1,8,4,5
987,987,987,33,7,2,5,8,4,5
988,988,988,34,6,0,6,8,4,5
989,989,989,35,63,0,33,8,4,5
990,990,990,36,63,5,58,8,4,5
991,991,991,2,2,0,2,9,5,5
992,992,992,3,1,0,0,9,5,5
993,993,993,4,145,22,94,9,5,5
994,994,994,5,4805,230,1582,9,5,5
995,995,995,10,1667,210,1015,9,5,5
996,996,996,16,1,0,0,9,5,5
997,997,997,32,149,13,26,9,5,5
998,998,998,6,1,0,1,9,5,5
999,999,999,7,1,0,0,9,5,5
1000,1000,1000,8,6,0,4,9,5,5
1001,1001,1001,9,9,0,9,9,5,5
1002,1002,1002,11,1,0,0,9,5,5
1003,1003,1003,12,2,0,1,9,5,5
1004,1004,1004,13,9,0,9,9,5,5
1005,1005,1005,15,1,0,1,9,5,5
1006,1006,1006,17,6,2,4,9,5,5
1007,1007,1007,18,9,0,6,9,5,5
1008,1008,1008,19,1,0,1,9,5,5
1009,1009,1009,20,10,2,2,9,5,5
1010,1010,1010,21,1,0,0,9,5,5
1011,1011,1011,22,1,0,1,9,5,5
1012,1012,1012,23,1,0,1,9,5,5
1013,1013,1013,24,1,0,1,9,5,5
1014,1014,1014,26,204,27,153,9,5,5
1015,1015,1015,28,1,1,0,9,5,5
1016,1016,1016,29,1,0,1,9,5,5
1017,1017,1017,30,3,0,2,9,5,5
1018,1018,1018,31,1,0,1,9,5,5
1019,1019,1019,33,7,2,5,9,5,5
1020,1020,1020,34,6,0,6,9,5,5
1021,1021,1021,35,63,0,33,9,5,5
1022,1022,1022,36,63,5,58,9,5,5
1023,1023,1023,2,2,0,2,10,6,5
1024,1024,1024,3,1,0,0,10,6,5
1025,1025,1025,4,145,22,97,10,6,5
1026,1026,1026,5,4884,235,1620,10,6,5
1027,1027,1027,10,1674,212,1035,10,6,5
1028,1028,1028,16,1,0,0,10,6,5
1029,1029,1029,32,172,18,26,10,6,5
1030,1030,1030,6,1,0,1,10,6,5
1031,1031,1031,7,1,0,0,10,6,5
1032,1032,1032,8,7,0,4,10,6,5
1033,1033,1033,9,9,0,9,10,6,5
1034,1034,1034,11,1,0,0,10,6,5
1035,1035,1035,12,2,0,1,10,6,5
1036,1036,1036,13,9,0,9,10,6,5
1037,1037,1037,15,1,0,1,10,6,5
1038,1038,1038,17,7,2,4,10,6,5
1039,1039,1039,18,9,0,6,10,6,5
1040,1040,1040,19,1,0,1,10,6,5
1041,1041,1041,20,10,2,2,10,6,5
1042,1042,1042,21,1,0,0,10,6,5
1043,1043,1043,22,1,0,1,10,6,5
1044,1044,1044,23,1,0,1,10,6,5
1045,1045,1045,24,1,0,1,10,6,5
1046,1046,1046,26,205,27,155,10,6,5
1047,1047,1047,28,1,1,0,10,6,5
1048,1048,1048,29,1,0,1,10,6,5
1049,1049,1049,30,3,0,2,10,6,5
1050,1050,1050,31,1,0,1,10,6,5
1051,1051,1051,33,7,2,5,10,6,5
1052,1052,1052,34,6,0,6,10,6,5
1053,1053,1053,35,64,0,34,10,6,5
1054,1054,1054,36,63,5,58,10,6,5
1055,1055,1055,2,2,0,2,12,1,5
1056,1056,1056,3,1,0,0,12,1,5
1057,1057,1057,4,143,22,98,12,1,5
1058,1058,1058,5,5013,252,1693,12,1,5
1059,1059,1059,10,1683,218,1066,12,1,5
1060,1060,1060,16,1,0,0,12,1,5
1061,1061,1061,32,184,20,26,12,1,5
1062,1062,1062,6,1,0,1,12,1,5
1063,1063,1063,7,1,0,0,12,1,5
1064,1064,1064,8,7,0,4,12,1,5
1065,1065,1065,9,9,0,9,12,1,5
1066,1066,1066,11,1,0,0,12,1,5
1067,1067,1067,12,2,0,1,12,1,5
1068,1068,1068,13,9,0,8,12,1,5
1069,1069,1069,15,1,0,1,12,1,5
1070,1070,1070,17,7,2,4,12,1,5
1071,1071,1071,18,9,0,6,12,1,5
1072,1072,1072,19,1,0,1,12,1,5
1073,1073,1073,20,10,2,3,12,1,5
1074,1074,1074,21,1,0,0,12,1,5
1075,1075,1075,22,1,0,1,12,1,5
1076,1076,1076,23,2,0,1,12,1,5
1077,1077,1077,24,1,0,1,12,1,5
1078,1078,1078,26,205,28,156,12,1,5
1079,1079,1079,28,1,1,0,12,1,5
1080,1080,1080,29,1,0,1,12,1,5
1081,1081,1081,30,3,0,2,12,1,5
1082,1082,1082,31,1,0,1,12,1,5
1083,1083,1083,33,7,2,5,12,1,5
1084,1084,1084,34,6,0,6,12,1,5
1085,1085,1085,35,64,0,34,12,1,5
1086,1086,1086,36,63,5,58,12,1,5
1087,1087,1087,2,2,0,2,13,2,5
1088,1088,1088,3,1,0,0,13,2,5
1089,1089,1089,4,143,22,99,13,2,5
1090,1090,1090,5,5086,262,1765,13,2,5
1091,1091,1091,10,1689,225,1090,13,2,5
1092,1092,1092,16,1,0,0,13,2,5
1093,1093,1093,32,207,24,30,13,2,5
1094,1094,1094,6,1,0,1,13,2,5
1095,1095,1095,7,1,0,0,13,2,5
1096,1096,1096,8,7,0,4,13,2,5
1097,1097,1097,9,9,0,9,13,2,5
1098,1098,1098,11,3,0,0,13,2,5
1099,1099,1099,12,2,0,1,13,2,5
1100,1100,1100,13,9,0,9,13,2,5
1101,1101,1101,15,1,0,1,13,2,5
1102,1102,1102,17,7,2,4,13,2,5
1103,1103,1103,18,9,0,6,13,2,5
1104,1104,1104,19,1,0,1,13,2,5
1105,1105,1105,20,10,2,3,13,2,5
1106,1106,1106,22,1,0,1,13,2,5
1107,1107,1107,23,2,0,1,13,2,5
1108,1108,1108,24,1,0,1,13,2,5
1109,1109,1109,26,205,28,157,13,2,5
1110,1110,1110,28,1,1,0,13,2,5
1111,1111,1111,29,1,0,1,13,2,5
1112,1112,1112,30,3,0,3,13,2,5
1113,1113,1113,31,1,0,1,13,2,5
1114,1114,1114,33,7,2,5,13,2,5
1115,1115,1115,34,4,0,4,13,2,5
1116,1116,1116,35,64,0,35,13,2,5
1117,1117,1117,36,63,5,58,13,2,5
1118,1118,1118,2,2,0,2,14,3,5
1119,1119,1119,3,1,0,0,14,3,5
1120,1120,1120,4,143,23,104,14,3,5
1121,1121,1121,5,5124,267,1811,14,3,5
1122,1122,1122,10,1698,227,1128,14,3,5
1123,1123,1123,16,1,0,0,14,3,5
1124,1124,1124,32,238,30,38,14,3,5
1125,1125,1125,6,1,0,1,14,3,5
1126,1126,1126,7,1,0,0,14,3,5
1127,1127,1127,8,7,0,4,14,3,5
1128,1128,1128,9,9,0,9,14,3,5
1129,1129,1129,11,3,0,0,14,3,5
1130,1130,1130,12,2,0,2,14,3,5
1131,1131,1131,13,9,0,9,14,3,5
1132,1132,1132,15,1,0,1,14,3,5
1133,1133,1133,17,7,2,5,14,3,5
1134,1134,1134,18,9,0,6,14,3,5
1135,1135,1135,19,1,0,1,14,3,5
1136,1136,1136,20,10,2,3,14,3,5
1137,1137,1137,22,1,0,1,14,3,5
1138,1138,1138,23,3,0,1,14,3,5
1139,1139,1139,24,1,0,1,14,3,5
1140,1140,1140,26,205,28,157,14,3,5
1141,1141,1141,28,1,1,0,14,3,5
1142,1142,1142,29,1,0,1,14,3,5
1143,1143,1143,30,3,0,3,14,3,5
1144,1144,1144,31,1,0,1,14,3,5
1145,1145,1145,33,8,2,5,14,3,5
1146,1146,1146,34,4,0,4,14,3,5
1147,1147,1147,35,64,0,35,14,3,5
1148,1148,1148,36,63,5,58,14,3,5
1149,1149,1149,2,2,0,2,15,4,5
1150,1150,1150,3,1,0,0,15,4,5
1151,1151,1151,4,142,23,107,15,4,5
1152,1152,1152,5,5163,271,1858,15,4,5
1153,1153,1153,10,1703,234,1160,15,4,5
1154,1154,1154,16,1,0,0,15,4,5
1155,1155,1155,32,264,30,38,15,4,5
1156,1156,1156,6,1,0,1,15,4,5
1157,1157,1157,7,1,0,0,15,4,5
1158,1158,1158,8,7,0,4,15,4,5
1159,1159,1159,9,9,0,9,15,4,5
1160,1160,1160,11,3,0,3,15,4,5
1161,1161,1161,12,2,0,2,15,4,5
1162,1162,1162,13,9,0,9,15,4,5
1163,1163,1163,15,1,0,1,15,4,5
1164,1164,1164,17,7,2,5,15,4,5
1165,1165,1165,18,9,0,7,15,4,5
1166,1166,1166,19,1,0,1,15,4,5
1167,1167,1167,20,12,2,4,15,4,5
1168,1168,1168,22,1,0,1,15,4,5
1169,1169,1169,23,3,0,1,15,4,5
1170,1170,1170,24,1,0,1,15,4,5
1171,1171,1171,26,205,28,157,15,4,5
1172,1172,1172,28,1,1,0,15,4,5
1173,1173,1173,29,1,0,1,15,4,5
1174,1174,1174,30,3,0,3,15,4,5
1175,1175,1175,31,1,0,1,15,4,5
1176,1176,1176,33,8,2,5,15,4,5
1177,1177,1177,34,4,0,4,15,4,5
1178,1178,1178,35,64,0,35,15,4,5
1179,1179,1179,36,63,5,58,15,4,5
1180,1180,1180,2,2,0,2,16,5,5
1181,1181,1181,3,1,0,0,16,5,5
1182,1182,1182,4,140,23,106,16,5,5
1183,1183,1183,5,5191,275,1947,16,5,5
1184,1184,1184,10,1706,238,1171,16,5,5
1185,1185,1185,16,1,0,0,16,5,5
1186,1186,1186,32,274,35,46,16,5,5
1187,1187,1187,6,1,0,1,16,5,5
1188,1188,1188,7,1,0,0,16,5,5
1189,1189,1189,8,7,0,4,16,5,5
1190,1190,1190,9,9,0,9,16,5,5
1191,1191,1191,11,3,0,3,16,5,5
1192,1192,1192,12,2,0,2,16,5,5
1193,1193,1193,13,9,0,9,16,5,5
1194,1194,1194,15,1,0,1,16,5,5
1195,1195,1195,17,7,2,5,16,5,5
1196,1196,1196,18,9,0,7,16,5,5
1197,1197,1197,19,1,0,1,16,5,5
1198,1198,1198,20,12,2,4,16,5,5
1199,1199,1199,22,1,0,1,16,5,5
1200,1200,1200,23,3,0,1,16,5,5
1201,1201,1201,24,1,0,1,16,5,5
1202,1202,1202,26,205,28,157,16,5,5
1203,1203,1203,28,1,1,0,16,5,5
1204,1204,1204,29,1,0,1,16,5,5
1205,1205,1205,30,3,0,3,16,5,5
1206,1206,1206,31,1,0,1,16,5,5
1207,1207,1207,33,8,2,5,16,5,5
1208,1208,1208,34,4,0,4,16,5,5
1209,1209,1209,35,65,0,34,16,5,5
1210,1210,1210,36,63,5,58,16,5,5
1211,1211,1211,2,2,0,2,17,6,5
1212,1212,1212,4,140,23,106,17,6,5
1213,1213,1213,5,5209,282,2009,17,6,5
1214,1214,1214,10,1710,243,1191,17,6,5
1215,1215,1215,16,1,0,0,17,6,5
1216,1216,1216,32,274,35,46,17,6,5
1217,1217,1217,6,1,0,1,17,6,5
1218,1218,1218,7,1,0,0,17,6,5
1219,1219,1219,8,7,0,6,17,6,5
1220,1220,1220,9,9,0,9,17,6,5
1221,1221,1221,11,3,0,3,17,6,5
1222,1222,1222,12,2,0,2,17,6,5
1223,1223,1223,13,9,0,9,17,6,5
1224,1224,1224,15,1,0,1,17,6,5
1225,1225,1225,17,7,2,5,17,6,5
1226,1226,1226,18,9,0,7,17,6,5
1227,1227,1227,19,1,0,1,17,6,5
1228,1228,1228,20,12,2,4,17,6,5
1229,1229,1229,22,1,0,1,17,6,5
1230,1230,1230,23,3,0,1,17,6,5
1231,1231,1231,24,1,0,1,17,6,5
1232,1232,1232,26,205,28,157,17,6,5
1233,1233,1233,28,1,1,0,17,6,5
1234,1234,1234,29,1,0,1,17,6,5
1235,1235,1235,30,3,0,3,17,6,5
1236,1236,1236,31,1,0,1,17,6,5
1237,1237,1237,33,8,2,5,17,6,5
1238,1238,1238,34,4,0,4,17,6,5
1239,1239,1239,35,66,0,34,17,6,5
1240,1240,1240,36,63,5,58,17,6,5
1241,1241,1241,2,2,0,2,19,1,5
1242,1242,1242,4,140,23,106,19,1,5
1243,1243,1243,5,5236,289,2148,19,1,5
1244,1244,1244,10,1714,251,1213,19,1,5
1245,1245,1245,16,1,0,0,19,1,5
1246,1246,1246,32,344,40,50,19,1,5
1247,1247,1247,6,1,0,1,19,1,5
1248,1248,1248,7,1,0,0,19,1,5
1249,1249,1249,8,7,0,6,19,1,5
1250,1250,1250,9,9,0,9,19,1,5
1251,1251,1251,11,3,0,3,19,1,5
1252,1252,1252,12,2,0,2,19,1,5
1253,1253,1253,13,9,0,9,19,1,5
1254,1254,1254,15,1,0,1,19,1,5
1255,1255,1255,17,7,2,5,19,1,5
1256,1256,1256,18,9,0,8,19,1,5
1257,1257,1257,19,1,0,1,19,1,5
1258,1258,1258,20,12,2,8,19,1,5
1259,1259,1259,22,1,0,1,19,1,5
1260,1260,1260,23,3,0,1,19,1,5
1261,1261,1261,24,1,0,1,19,1,5
1262,1262,1262,26,206,28,160,19,1,5
1263,1263,1263,28,1,1,0,19,1,5
1264,1264,1264,29,1,0,1,19,1,5
1265,1265,1265,30,3,0,3,19,1,5
1266,1266,1266,31,1,0,1,19,1,5
1267,1267,1267,33,8,2,5,19,1,5
1268,1268,1268,34,4,0,4,19,1,5
1269,1269,1269,35,67,0,34,19,1,5
1270,1270,1270,36,63,5,58,19,1,5
1271,1271,1271,2,2,0,2,20,2,5
1272,1272,1272,4,140,23,106,20,2,5
1273,1273,1273,5,5248,294,2254,20,2,5
1274,1274,1274,10,1718,253,1229,20,2,5
1275,1275,1275,16,1,0,0,20,2,5
1276,1276,1276,32,383,52,63,20,2,5
1277,1277,1277,6,1,0,1,20,2,5
1278,1278,1278,7,1,0,0,20,2,5
1279,1279,1279,8,7,0,6,20,2,5
1280,1280,1280,9,9,0,9,20,2,5
1281,1281,1281,11,3,0,3,20,2,5
1282,1282,1282,12,2,0,2,20,2,5
1283,1283,1283,13,9,0,9,20,2,5
1284,1284,1284,15,1,0,1,20,2,5
1285,1285,1285,17,7,2,5,20,2,5
1286,1286,1286,18,9,0,8,20,2,5
1287,1287,1287,19,1,0,1,20,2,5
1288,1288,1288,20,12,2,8,20,2,5
1289,1289,1289,22,1,0,1,20,2,5
1290,1290,1290,23,3,0,2,20,2,5
1291,1291,1291,24,1,0,1,20,2,5
1292,1292,1292,26,206,28,161,20,2,5
1293,1293,1293,28,1,1,0,20,2,5
1294,1294,1294,29,1,0,1,20,2,5
1295,1295,1295,30,3,0,3,20,2,5
1296,1296,1296,31,1,0,1,20,2,5
1297,1297,1297,33,8,2,5,20,2,5
1298,1298,1298,34,4,0,4,20,2,5
1299,1299,1299,35,67,0,34,20,2,5
1300,1300,1300,36,63,5,58,20,2,5
1301,1301,1301,2,2,0,2,21,3,5
1302,1302,1302,4,140,23,108,21,3,5
1303,1303,1303,5,5249,296,2335,21,3,5
1304,1304,1304,10,1719,255,1237,21,3,5
1305,1305,1305,16,1,0,0,21,3,5
1306,1306,1306,32,418,52,71,21,3,5
1307,1307,1307,6,1,0,1,21,3,5
1308,1308,1308,7,1,0,1,21,3,5
1309,1309,1309,8,7,0,6,21,3,5
1310,1310,1310,9,9,0,9,21,3,5
1311,1311,1311,11,3,0,3,21,3,5
1312,1312,1312,12,2,0,2,21,3,5
1313,1313,1313,13,9,0,9,21,3,5
1314,1314,1314,15,1,0,1,21,3,5
1315,1315,1315,17,8,2,5,21,3,5
1316,1316,1316,18,9,0,8,21,3,5
1317,1317,1317,19,1,0,1,21,3,5
1318,1318,1318,20,12,2,10,21,3,5
1319,1319,1319,22,1,0,1,21,3,5
1320,1320,1320,23,3,0,2,21,3,5
1321,1321,1321,24,1,0,1,21,3,5
1322,1322,1322,26,206,28,161,21,3,5
1323,1323,1323,28,1,1,0,21,3,5
1324,1324,1324,29,1,0,1,21,3,5
1325,1325,1325,30,3,0,3,21,3,5
1326,1326,1326,31,1,0,1,21,3,5
1327,1327,1327,33,8,2,5,21,3,5
1328,1328,1328,34,4,0,4,21,3,5
1329,1329,1329,35,66,0,33,21,3,5
1330,1330,1330,36,63,5,58,21,3,5
1331,1331,1331,0,6,0,6,22,4,5
1332,1332,1332,2,2,0,2,22,4,5
1333,1333,1333,4,140,23,109,22,4,5
1334,1334,1334,5,5271,300,2445,22,4,5
1335,1335,1335,10,1722,258,1247,22,4,5
1336,1336,1336,16,2,0,0,22,4,5
1337,1337,1337,32,483,60,74,22,4,5
1338,1338,1338,6,1,0,1,22,4,5
1339,1339,1339,7,1,0,1,22,4,5
1340,1340,1340,8,7,0,6,22,4,5
1341,1341,1341,9,9,0,9,22,4,5
1342,1342,1342,11,3,0,3,22,4,5
1343,1343,1343,12,2,0,2,22,4,5
1344,1344,1344,13,9,0,9,22,4,5
1345,1345,1345,15,1,0,1,22,4,5
1346,1346,1346,17,8,2,5,22,4,5
1347,1347,1347,18,9,0,8,22,4,5
1348,1348,1348,19,1,0,1,22,4,5
1349,1349,1349,20,12,2,10,22,4,5
1350,1350,1350,22,1,0,1,22,4,5
1351,1351,1351,23,3,0,2,22,4,5
1352,1352,1352,24,1,0,1,22,4,5
1353,1353,1353,26,206,29,162,22,4,5
1354,1354,1354,28,1,1,0,22,4,5
1355,1355,1355,29,1,0,1,22,4,5
1356,1356,1356,30,3,0,3,22,4,5
1357,1357,1357,31,1,0,1,22,4,5
1358,1358,1358,33,8,2,5,22,4,5
1359,1359,1359,34,4,0,4,22,4,5
1360,1360,1360,35,65,0,33,22,4,5
1361,1361,1361,36,63,5,58,22,4,5
1362,1362,1362,2,2,0,2,23,5,5
1363,1363,1363,4,140,23,109,23,5,5
1364,1364,1364,5,5285,303,2544,23,5,5
1365,1365,1365,10,1724,260,1255,23,5,5
1366,1366,1366,16,2,0,0,23,5,5
1367,1367,1367,32,538,60,82,23,5,5
1368,1368,1368,6,1,0,1,23,5,5
1369,1369,1369,7,1,0,1,23,5,5
1370,1370,1370,8,7,0,6,23,5,5
1371,1371,1371,9,9,0,9,23,5,5
1372,1372,1372,11,3,0,3,23,5,5
1373,1373,1373,12,2,0,2,23,5,5
1374,1374,1374,13,9,0,9,23,5,5
1375,1375,1375,15,1,0,1,23,5,5
1376,1376,1376,17,8,2,5,23,5,5
1377,1377,1377,18,9,0,8,23,5,5
1378,1378,1378,19,1,0,1,23,5,5
1379,1379,1379,20,12,2,10,23,5,5
1380,1380,1380,22,1,0,1,23,5,5
1381,1381,1381,23,3,0,2,23,5,5
1382,1382,1382,24,1,0,1,23,5,5
1383,1383,1383,26,206,31,163,23,5,5
1384,1384,1384,28,1,1,0,23,5,5
1385,1385,1385,29,1,0,1,23,5,5
1386,1386,1386,30,3,0,3,23,5,5
1387,1387,1387,31,1,0,1,23,5,5
1388,1388,1388,33,8,2,5,23,5,5
1389,1389,1389,34,4,0,4,23,5,5
1390,1390,1390,35,65,0,33,23,5,5
1391,1391,1391,36,63,5,58,23,5,5
1392,1392,1392,2,2,0,2,24,6,5
1393,1393,1393,4,140,23,109,24,6,5
1394,1394,1394,5,5309,308,2675,24,6,5
1395,1395,1395,10,1724,262,1266,24,6,5
1396,1396,1396,16,2,0,0,24,6,5
1397,1397,1397,32,538,60,82,24,6,5
1398,1398,1398,6,1,0,1,24,6,5
1399,1399,1399,7,1,0,1,24,6,5
1400,1400,1400,8,7,0,6,24,6,5
1401,1401,1401,9,9,0,9,24,6,5
1402,1402,1402,11,3,0,3,24,6,5
1403,1403,1403,12,2,0,2,24,6,5
1404,1404,1404,13,9,0,9,24,6,5
1405,1405,1405,15,1,0,1,24,6,5
1406,1406,1406,17,8,2,5,24,6,5
1407,1407,1407,18,9,0,8,24,6,5
1408,1408,1408,19,1,0,1,24,6,5
1409,1409,1409,20,12,2,10,24,6,5
1410,1410,1410,22,1,0,1,24,6,5
1411,1411,1411,23,3,0,2,24,6,5
1412,1412,1412,24,1,0,1,24,6,5
1413,1413,1413,26,206,31,163,24,6,5
1414,1414,1414,28,1,1,0,24,6,5
1415,1415,1415,29,1,0,1,24,6,5
1416,1416,1416,30,3,0,3,24,6,5
1417,1417,1417,31,1,0,1,24,6,5
1418,1418,1418,33,8,2,5,24,6,5
1419,1419,1419,34,4,0,4,24,6,5
1420,1420,1420,35,65,0,33,24,6,5
1421,1421,1421,36,63,5,58,24,6,5
1422,1422,1422,2,2,0,2,26,1,5
1423,1423,1423,4,148,26,110,26,1,5
1424,1424,1424,5,5316,317,2829,26,1,5
1425,1425,1425,10,1726,267,1276,26,1,5
1426,1426,1426,16,2,0,0,26,1,5
1427,1427,1427,32,585,72,112,26,1,5
1428,1428,1428,6,1,0,1,26,1,5
1429,1429,1429,7,1,0,1,26,1,5
1430,1430,1430,8,7,0,6,26,1,5
1431,1431,1431,9,9,0,9,26,1,5
1432,1432,1432,11,3,0,3,26,1,5
1433,1433,1433,12,2,0,2,26,1,5
1434,1434,1434,13,9,0,9,26,1,5
1435,1435,1435,15,1,0,1,26,1,5
1436,1436,1436,17,5,2,3,26,1,5
1437,1437,1437,18,9,0,8,26,1,5
1438,1438,1438,19,1,0,1,26,1,5
1439,1439,1439,20,12,2,10,26,1,5
1440,1440,1440,22,1,0,1,26,1,5
1441,1441,1441,23,3,0,2,26,1,5
1442,1442,1442,24,1,0,1,26,1,5
1443,1443,1443,26,206,31,163,26,1,5
1444,1444,1444,28,1,1,0,26,1,5
1445,1445,1445,29,1,0,1,26,1,5
1446,1446,1446,30,3,0,3,26,1,5
1447,1447,1447,31,1,0,1,26,1,5
1448,1448,1448,33,8,2,6,26,1,5
1449,1449,1449,34,4,0,4,26,1,5
1450,1450,1450,35,65,0,33,26,1,5
1451,1451,1451,36,63,5,58,26,1,5
1452,1452,1452,2,2,0,2,27,2,5
1453,1453,1453,4,148,26,111,27,2,5
1454,1454,1454,5,5322,321,2944,27,2,5
1455,1455,1455,10,1728,269,1285,27,2,5
1456,1456,1456,16,2,0,0,27,2,5
1457,1457,1457,32,596,76,112,27,2,5
1458,1458,1458,6,1,0,1,27,2,5
1459,1459,1459,7,1,0,1,27,2,5
1460,1460,1460,8,7,0,6,27,2,5
1461,1461,1461,9,9,0,9,27,2,5
1462,1462,1462,11,3,0,3,27,2,5
1463,1463,1463,12,2,0,2,27,2,5
1464,1464,1464,13,9,0,9,27,2,5
1465,1465,1465,15,1,0,1,27,2,5
1466,1466,1466,17,5,2,3,27,2,5
1467,1467,1467,18,9,0,9,27,2,5
1468,1468,1468,19,1,0,1,27,2,5
1469,1469,1469,20,12,2,10,27,2,5
1470,1470,1470,22,1,0,1,27,2,5
1471,1471,1471,23,3,0,2,27,2,5
1472,1472,1472,24,1,0,1,27,2,5
1473,1473,1473,26,206,31,163,27,2,5
1474,1474,1474,28,1,1,0,27,2,5
1475,1475,1475,29,1,0,1,27,2,5
1476,1476,1476,30,3,0,3,27,2,5
1477,1477,1477,31,1,0,1,27,2,5
1478,1478,1478,33,8,2,6,27,2,5
1479,1479,1479,34,4,0,4,27,2,5
1480,1480,1480,35,65,0,32,27,2,5
1481,1481,1481,36,63,5,58,27,2,5
1482,1482,1482,0,6,0,6,28,3,5
1483,1483,1483,2,2,0,2,28,3,5
1484,1484,1484,4,149,26,111,28,3,5
1485,1485,1485,5,5323,325,3036,28,3,5
1486,1486,1486,10,1730,270,1295,28,3,5
1487,1487,1487,16,2,0,0,28,3,5
1488,1488,1488,32,610,81,112,28,3,5
1489,1489,1489,6,1,0,1,28,3,5
1490,1490,1490,7,1,0,1,28,3,5
1491,1491,1491,8,7,0,6,28,3,5
1492,1492,1492,9,9,0,9,28,3,5
1493,1493,1493,11,3,0,3,28,3,5
1494,1494,1494,12,2,0,2,28,3,5
1495,1495,1495,13,9,0,9,28,3,5
1496,1496,1496,15,1,0,1,28,3,5
1497,1497,1497,17,5,2,3,28,3,5
1498,1498,1498,18,9,0,9,28,3,5
1499,1499,1499,19,1,0,1,28,3,5
1500,1500,1500,20,12,2,10,28,3,5
1501,1501,1501,22,1,0,1,28,3,5
1502,1502,1502,23,3,0,2,28,3,5
1503,1503,1503,24,1,0,1,28,3,5
1504,1504,1504,26,206,31,165,28,3,5
1505,1505,1505,28,1,1,0,28,3,5
1506,1506,1506,29,1,0,1,28,3,5
1507,1507,1507,30,3,0,3,28,3,5
1508,1508,1508,31,1,0,1,28,3,5
1509,1509,1509,33,8,2,6,28,3,5
1510,1510,1510,34,4,0,4,28,3,5
1511,1511,1511,35,66,0,32,28,3,5
1512,1512,1512,36,63,5,58,28,3,5
1513,1513,1513,0,6,0,6,29,4,5
1514,1514,1514,2,2,0,2,29,4,5
1515,1515,1515,4,151,26,112,29,4,5
1516,1516,1516,5,5325,327,3121,29,4,5
1517,1517,1517,10,1732,273,1302,29,4,5
1518,1518,1518,16,1,0,0,29,4,5
1519,1519,1519,32,660,81,122,29,4,5
1520,1520,1520,6,1,0,1,29,4,5
1521,1521,1521,7,1,0,1,29,4,5
1522,1522,1522,8,7,0,6,29,4,5
1523,1523,1523,9,9,0,9,29,4,5
1524,1524,1524,11,3,0,3,29,4,5
1525,1525,1525,12,2,0,2,29,4,5
1526,1526,1526,13,9,0,9,29,4,5
1527,1527,1527,15,1,0,1,29,4,5
1528,1528,1528,17,5,2,3,29,4,5
1529,1529,1529,18,9,0,9,29,4,5
1530,1530,1530,19,1,0,1,29,4,5
1531,1531,1531,20,12,2,10,29,4,5
1532,1532,1532,22,1,0,1,29,4,5
1533,1533,1533,23,3,0,2,29,4,5
1534,1534,1534,24,1,0,1,29,4,5
1535,1535,1535,26,206,31,165,29,4,5
1536,1536,1536,28,1,1,0,29,4,5
1537,1537,1537,29,1,0,1,29,4,5
1538,1538,1538,30,3,0,3,29,4,5
1539,1539,1539,31,1,0,1,29,4,5
1540,1540,1540,33,8,2,6,29,4,5
1541,1541,1541,34,4,0,4,29,4,5
1542,1542,1542,35,66,0,32,29,4,5
1543,1543,1543,36,63,5,58,29,4,5
1544,1544,1544,2,2,0,2,30,5,5
1545,1545,1545,4,159,28,112,30,5,5
1546,1546,1546,5,5328,328,3250,30,5,5
1547,1547,1547,10,1736,274,1304,30,5,5
1548,1548,1548,16,1,0,0,30,5,5
1549,1549,1549,32,667,81,125,30,5,5
1550,1550,1550,6,1,0,1,30,5,5
1551,1551,1551,7,1,0,1,30,5,5
1552,1552,1552,8,7,0,6,30,5,5
1553,1553,1553,9,9,0,9,30,5,5
1554,1554,1554,11,3,0,3,30,5,5
1555,1555,1555,12,2,0,2,30,5,5
1556,1556,1556,13,9,0,9,30,5,5
1557,1557,1557,15,1,0,1,30,5,5
1558,1558,1558,17,5,2,3,30,5,5
1559,1559,1559,18,9,0,9,30,5,5
1560,1560,1560,19,1,0,1,30,5,5
1561,1561,1561,20,12,2,10,30,5,5
1562,1562,1562,22,1,0,1,30,5,5
1563,1563,1563,23,3,0,3,30,5,5
1564,1564,1564,24,1,0,1,30,5,5
1565,1565,1565,26,206,31,165,30,5,5
1566,1566,1566,28,1,1,0,30,5,5
1567,1567,1567,29,1,0,1,30,5,5
1568,1568,1568,30,3,0,3,30,5,5
1569,1569,1569,31,1,0,1,30,5,5
1570,1570,1570,33,8,2,6,30,5,5
1571,1571,1571,34,4,0,4,30,5,5
1572,1572,1572,35,66,0,32,30,5,5
1573,1573,1573,36,63,5,58,30,5,5
1574,1574,1574,2,2,0,2,31,6,5
1575,1575,1575,4,188,30,116,31,6,5
1576,1576,1576,5,5328,332,3371,31,6,5
1577,1577,1577,10,1739,278,1310,31,6,5
1578,1578,1578,16,1,0,0,31,6,5
1579,1579,1579,32,676,81,129,31,6,5
1580,1580,1580,6,1,0,1,31,6,5
1581,1581,1581,7,1,0,1,31,6,5
1582,1582,1582,8,7,0,6,31,6,5
1583,1583,1583,9,10,0,9,31,6,5
1584,1584,1584,11,3,0,3,31,6,5
1585,1585,1585,12,2,0,2,31,6,5
1586,1586,1586,13,9,0,9,31,6,5
1587,1587,1587,15,1,0,1,31,6,5
1588,1588,1588,17,5,2,3,31,6,5
1589,1589,1589,18,9,0,9,31,6,5
1590,1590,1590,19,1,0,1,31,6,5
1591,1591,1591,20,12,2,10,31,6,5
1592,1592,1592,22,1,0,1,31,6,5
1593,1593,1593,23,3,0,3,31,6,5
1594,1594,1594,24,1,0,1,31,6,5
1595,1595,1595,25,1,0,0,31,6,5
1596,1596,1596,26,206,31,165,31,6,5
1597,1597,1597,28,1,1,0,31,6,5
1598,1598,1598,29,1,0,1,31,6,5
1599,1599,1599,30,3,0,3,31,6,5
1600,1600,1600,31,1,0,1,31,6,5
1601,1601,1601,33,8,2,6,31,6,5
1602,1602,1602,34,4,0,4,31,6,5
1603,1603,1603,35,66,0,32,31,6,5
1604,1604,1604,36,63,5,58,31,6,5
1605,1605,1605,2,2,0,2,2,1,6
1606,1606,1606,4,198,30,116,2,1,6
1607,1607,1607,5,5328,334,3495,2,1,6
1608,1608,1608,10,1746,282,1319,2,1,6
1609,1609,1609,16,1,0,1,2,1,6
1610,1610,1610,32,684,81,134,2,1,6
1611,1611,1611,6,1,0,1,2,1,6
1612,1612,1612,7,1,0,1,2,1,6
1613,1613,1613,8,7,0,6,2,1,6
1614,1614,1614,9,10,0,9,2,1,6
1615,1615,1615,11,3,0,3,2,1,6
1616,1616,1616,12,2,0,2,2,1,6
1617,1617,1617,13,9,0,9,2,1,6
1618,1618,1618,15,1,0,1,2,1,6
1619,1619,1619,17,5,2,3,2,1,6
1620,1620,1620,18,9,0,9,2,1,6
1621,1621,1621,19,1,0,1,2,1,6
1622,1622,1622,20,12,2,10,2,1,6
1623,1623,1623,22,1,0,1,2,1,6
1624,1624,1624,23,3,0,3,2,1,6
1625,1625,1625,24,1,0,1,2,1,6
1626,1626,1626,25,1,0,0,2,1,6
1627,1627,1627,26,206,31,165,2,1,6
1628,1628,1628,28,1,1,0,2,1,6
1629,1629,1629,29,1,0,1,2,1,6
1630,1630,1630,30,3,0,3,2,1,6
1631,1631,1631,31,1,0,1,2,1,6
1632,1632,1632,33,8,2,6,2,1,6
1633,1633,1633,34,4,0,4,2,1,6
1634,1634,1634,35,66,0,32,2,1,6
1635,1635,1635,36,63,5,58,2,1,6
1636,1636,1636,2,2,0,2,3,2,6
1637,1637,1637,4,213,31,116,3,2,6
1638,1638,1638,5,5329,334,3558,3,2,6
1639,1639,1639,10,1747,283,1326,3,2,6
1640,1640,1640,16,1,0,1,3,2,6
1641,1641,1641,32,679,81,136,3,2,6
1642,1642,1642,6,1,0,1,3,2,6
1643,1643,1643,7,1,0,1,3,2,6
1644,1644,1644,8,7,0,6,3,2,6
1645,1645,1645,9,10,0,9,3,2,6
1646,1646,1646,11,3,0,3,3,2,6
1647,1647,1647,12,2,0,2,3,2,6
1648,1648,1648,13,9,0,9,3,2,6
1649,1649,1649,15,1,0,1,3,2,6
1650,1650,1650,17,5,2,3,3,2,6
1651,1651,1651,18,9,0,9,3,2,6
1652,1652,1652,19,1,0,1,3,2,6
1653,1653,1653,20,12,2,10,3,2,6
1654,1654,1654,22,1,0,1,3,2,6
1655,1655,1655,23,3,0,3,3,2,6
1656,1656,1656,24,1,0,1,3,2,6
1657,1657,1657,25,1,0,0,3,2,6
1658,1658,1658,26,206,31,165,3,2,6
1659,1659,1659,28,1,1,0,3,2,6
1660,1660,1660,29,1,0,1,3,2,6
1661,1661,1661,30,3,0,3,3,2,6
1662,1662,1662,31,1,0,1,3,2,6
1663,1663,1663,33,8,2,6,3,2,6
1664,1664,1664,34,4,0,4,3,2,6
1665,1665,1665,35,68,0,33,3,2,6
1666,1666,1666,36,63,5,58,3,2,6
1667,1667,1667,2,2,0,2,4,3,6
1668,1668,1668,4,216,31,121,4,3,6
1669,1669,1669,5,5329,334,3674,4,3,6
1670,1670,1670,10,1748,283,1339,4,3,6
1671,1671,1671,16,1,0,1,4,3,6
1672,1672,1672,32,678,81,272,4,3,6
1673,1673,1673,6,1,0,1,4,3,6
1674,1674,1674,7,1,0,1,4,3,6
1675,1675,1675,8,7,0,6,4,3,6
1676,1676,1676,9,10,0,9,4,3,6
1677,1677,1677,11,3,0,3,4,3,6
1678,1678,1678,12,2,0,2,4,3,6
1679,1679,1679,13,9,0,9,4,3,6
1680,1680,1680,15,1,0,1,4,3,6
1681,1681,1681,17,5,2,3,4,3,6
1682,1682,1682,18,9,0,9,4,3,6
1683,1683,1683,19,1,0,1,4,3,6
1684,1684,1684,20,12,2,10,4,3,6
1685,1685,1685,22,1,0,1,4,3,6
1686,1686,1686,23,3,0,3,4,3,6
1687,1687,1687,24,1,0,1,4,3,6
1688,1688,1688,25,1,0,0,4,3,6
1689,1689,1689,26,206,31,165,4,3,6
1690,1690,1690,28,1,1,0,4,3,6
1691,1691,1691,29,1,0,1,4,3,6
1692,1692,1692,30,3,0,3,4,3,6
1693,1693,1693,31,1,0,1,4,3,6
1694,1694,1694,33,8,2,6,4,3,6
1695,1695,1695,34,4,0,4,4,3,6
1696,1696,1696,35,69,0,34,4,3,6
1697,1697,1697,36,63,5,58,4,3,6
1698,1698,1698,2,2,0,2,5,4,6
1699,1699,1699,4,218,31,120,5,4,6
1700,1700,1700,5,5329,336,3770,5,4,6
1701,1701,1701,10,1748,284,1343,5,4,6
1702,1702,1702,16,1,0,1,5,4,6
1703,1703,1703,32,677,81,257,5,4,6
1704,1704,1704,6,1,0,1,5,4,6
1705,1705,1705,7,1,0,1,5,4,6
1706,1706,1706,8,7,0,6,5,4,6
1707,1707,1707,9,10,0,9,5,4,6
1708,1708,1708,11,3,0,3,5,4,6
1709,1709,1709,12,2,0,2,5,4,6
1710,1710,1710,13,9,0,9,5,4,6
1711,1711,1711,15,1,0,1,5,4,6
1712,1712,1712,17,5,2,3,5,4,6
1713,1713,1713,18,9,0,9,5,4,6
1714,1714,1714,19,1,0,1,5,4,6
1715,1715,1715,20,12,2,10,5,4,6
1716,1716,1716,22,1,0,1,5,4,6
1717,1717,1717,23,3,0,3,5,4,6
1718,1718,1718,24,1,0,1,5,4,6
1719,1719,1719,25,1,0,0,5,4,6
1720,1720,1720,26,206,31,165,5,4,6
1721,1721,1721,28,1,1,0,5,4,6
1722,1722,1722,29,1,0,1,5,4,6
1723,1723,1723,30,3,0,3,5,4,6
1724,1724,1724,31,1,0,1,5,4,6
1725,1725,1725,33,8,2,6,5,4,6
1726,1726,1726,34,4,0,4,5,4,6
1727,1727,1727,35,69,0,34,5,4,6
1728,1728,1728,36,63,5,58,5,4,6
1729,1729,1729,2,2,0,2,6,5,6
1730,1730,1730,4,219,31,120,6,5,6
1731,1731,1731,5,5329,338,3869,6,5,6
1732,1732,1732,10,1750,286,1350,6,5,6
1733,1733,1733,16,1,0,1,6,5,6
1734,1734,1734,32,676,81,257,6,5,6
1735,1735,1735,6,1,0,1,6,5,6
1736,1736,1736,7,1,0,1,6,5,6
1737,1737,1737,8,7,0,6,6,5,6
1738,1738,1738,9,10,0,9,6,5,6
1739,1739,1739,11,3,0,3,6,5,6
1740,1740,1740,12,2,0,2,6,5,6
1741,1741,1741,13,9,0,9,6,5,6
1742,1742,1742,15,1,0,1,6,5,6
1743,1743,1743,17,5,2,3,6,5,6
1744,1744,1744,18,9,0,9,6,5,6
1745,1745,1745,19,1,0,1,6,5,6
1746,1746,1746,20,12,2,10,6,5,6
1747,1747,1747,22,1,0,1,6,5,6
1748,1748,1748,23,3,0,3,6,5,6
1749,1749,1749,24,1,0,1,6,5,6
1750,1750,1750,25,1,0,0,6,5,6
1751,1751,1751,26,206,31,165,6,5,6
1752,1752,1752,28,1,1,0,6,5,6
1753,1753,1753,29,1,0,1,6,5,6
1754,1754,1754,30,3,0,3,6,5,6
1755,1755,1755,31,1,0,1,6,5,6
1756,1756,1756,33,8,2,6,6,5,6
1757,1757,1757,34,4,0,4,6,5,6
1758,1758,1758,35,68,0,35,6,5,6
1759,1759,1759,36,63,5,58,6,5,6
1760,1760,1760,2,2,0,2,9,1,6
1761,1761,1761,4,229,32,128,9,1,6
1762,1762,1762,5,5328,340,4186,9,1,6
1763,1763,1763,10,1753,288,1365,9,1,6
1764,1764,1764,16,1,0,1,9,1,6
1765,1765,1765,32,680,81,257,9,1,6
1766,1766,1766,6,1,0,1,9,1,6
1767,1767,1767,7,1,0,1,9,1,6
1768,1768,1768,8,7,0,6,9,1,6
1769,1769,1769,9,10,0,9,9,1,6
1770,1770,1770,11,3,0,3,9,1,6
1771,1771,1771,12,2,0,2,9,1,6
1772,1772,1772,13,9,0,9,9,1,6
1773,1773,1773,15,1,0,1,9,1,6
1774,1774,1774,17,5,2,3,9,1,6
1775,1775,1775,18,9,0,9,9,1,6
1776,1776,1776,19,1,0,1,9,1,6
1777,1777,1777,20,12,2,10,9,1,6
1778,1778,1778,22,1,0,1,9,1,6
1779,1779,1779,23,3,0,3,9,1,6
1780,1780,1780,24,1,0,1,9,1,6
1781,1781,1781,25,1,0,0,9,1,6
1782,1782,1782,26,206,31,168,9,1,6
1783,1783,1783,28,1,1,0,9,1,6
1784,1784,1784,29,1,0,1,9,1,6
1785,1785,1785,30,3,0,3,9,1,6
1786,1786,1786,31,1,0,1,9,1,6
1787,1787,1787,33,9,2,6,9,1,6
1788,1788,1788,34,4,0,4,9,1,6
1789,1789,1789,35,68,0,35,9,1,6
1790,1790,1790,36,63,5,58,9,1,6
1791,1791,1791,2,3,0,2,10,2,6
1792,1792,1792,4,229,32,131,10,2,6
1793,1793,1793,5,5328,343,4294,10,2,6
1794,1794,1794,10,1754,290,1368,10,2,6
1795,1795,1795,16,1,0,1,10,2,6
1796,1796,1796,32,686,81,319,10,2,6
1797,1797,1797,6,1,0,1,10,2,6
1798,1798,1798,7,1,0,1,10,2,6
1799,1799,1799,8,7,0,6,10,2,6
1800,1800,1800,9,10,0,9,10,2,6
1801,1801,1801,11,3,0,3,10,2,6
1802,1802,1802,12,2,0,2,10,2,6
1803,1803,1803,13,9,0,9,10,2,6
1804,1804,1804,15,1,0,1,10,2,6
1805,1805,1805,17,5,2,3,10,2,6
1806,1806,1806,18,9,0,9,10,2,6
1807,1807,1807,19,1,0,1,10,2,6
1808,1808,1808,20,12,2,10,10,2,6
1809,1809,1809,22,1,0,1,10,2,6
1810,1810,1810,23,3,0,3,10,2,6
1811,1811,1811,24,1,0,1,10,2,6
1812,1812,1812,25,1,0,0,10,2,6
1813,1813,1813,26,206,31,168,10,2,6
1814,1814,1814,28,1,1,0,10,2,6
1815,1815,1815,29,1,0,1,10,2,6
1816,1816,1816,30,3,0,3,10,2,6
1817,1817,1817,31,1,0,1,10,2,6
1818,1818,1818,33,9,2,6,10,2,6
1819,1819,1819,34,4,0,4,10,2,6
1820,1820,1820,35,69,0,36,10,2,6
1821,1821,1821,36,63,5,58,10,2,6
1822,1822,1822,2,3,0,2,11,3,6
1823,1823,1823,4,230,32,134,11,3,6
1824,1824,1824,5,5329,343,4390,11,3,6
1825,1825,1825,10,1754,290,1368,11,3,6
1826,1826,1826,16,1,0,1,11,3,6
1827,1827,1827,32,687,81,344,11,3,6
1828,1828,1828,6,1,0,1,11,3,6
1829,1829,1829,7,1,0,1,11,3,6
1830,1830,1830,8,7,0,6,11,3,6
1831,1831,1831,9,10,0,9,11,3,6
1832,1832,1832,11,3,0,3,11,3,6
1833,1833,1833,12,2,0,2,11,3,6
1834,1834,1834,13,9,0,9,11,3,6
1835,1835,1835,15,1,0,1,11,3,6
1836,1836,1836,17,5,2,3,11,3,6
1837,1837,1837,18,9,0,9,11,3,6
1838,1838,1838,19,1,0,1,11,3,6
1839,1839,1839,20,12,2,10,11,3,6
1840,1840,1840,22,1,0,1,11,3,6
1841,1841,1841,23,3,0,3,11,3,6
1842,1842,1842,24,1,0,1,11,3,6
1843,1843,1843,25,1,0,0,11,3,6
1844,1844,1844,26,206,31,168,11,3,6
1845,1845,1845,28,1,1,0,11,3,6
1846,1846,1846,29,1,0,1,11,3,6
1847,1847,1847,30,3,0,3,11,3,6
1848,1848,1848,31,1,0,1,11,3,6
1849,1849,1849,33,9,2,6,11,3,6
1850,1850,1850,34,4,0,4,11,3,6
1851,1851,1851,35,71,0,36,11,3,6
1852,1852,1852,36,63,5,58,11,3,6
1853,1853,1853,2,3,0,2,12,4,6
1854,1854,1854,4,238,32,141,12,4,6
1855,1855,1855,5,5328,343,4457,12,4,6
1856,1856,1856,10,1755,291,1377,12,4,6
1857,1857,1857,16,1,0,1,12,4,6
1858,1858,1858,32,688,81,347,12,4,6
1859,1859,1859,6,1,0,1,12,4,6
1860,1860,1860,7,1,0,1,12,4,6
1861,1861,1861,8,7,0,6,12,4,6
1862,1862,1862,9,10,0,9,12,4,6
1863,1863,1863,11,3,0,3,12,4,6
1864,1864,1864,12,2,0,2,12,4,6
1865,1865,1865,13,9,0,9,12,4,6
1866,1866,1866,15,1,0,1,12,4,6
1867,1867,1867,17,5,2,3,12,4,6
1868,1868,1868,18,9,0,9,12,4,6
1869,1869,1869,19,1,0,1,12,4,6
1870,1870,1870,20,14,2,12,12,4,6
1871,1871,1871,22,1,0,1,12,4,6
1872,1872,1872,23,3,0,3,12,4,6
1873,1873,1873,24,1,0,1,12,4,6
1874,1874,1874,25,1,0,0,12,4,6
1875,1875,1875,26,206,31,169,12,4,6
1876,1876,1876,28,1,1,0,12,4,6
1877,1877,1877,29,1,0,1,12,4,6
1878,1878,1878,30,3,0,3,12,4,6
1879,1879,1879,31,1,0,1,12,4,6
1880,1880,1880,33,9,2,6,12,4,6
1881,1881,1881,34,4,0,4,12,4,6
1882,1882,1882,35,70,0,36,12,4,6
1883,1883,1883,36,63,5,58,12,4,6
1884,1884,1884,2,3,0,2,13,5,6
1885,1885,1885,4,242,32,150,13,5,6
1886,1886,1886,5,5327,343,4530,13,5,6
1887,1887,1887,10,1755,293,1380,13,5,6
1888,1888,1888,16,1,0,1,13,5,6
1889,1889,1889,32,693,81,385,13,5,6
1890,1890,1890,6,1,0,1,13,5,6
1891,1891,1891,7,1,0,1,13,5,6
1892,1892,1892,8,7,0,6,13,5,6
1893,1893,1893,9,10,0,9,13,5,6
1894,1894,1894,11,3,0,3,13,5,6
1895,1895,1895,12,2,0,2,13,5,6
1896,1896,1896,13,9,0,9,13,5,6
1897,1897,1897,15,1,0,1,13,5,6
1898,1898,1898,17,5,2,3,13,5,6
1899,1899,1899,18,9,0,9,13,5,6
1900,1900,1900,19,1,0,1,13,5,6
1901,1901,1901,20,14,2,12,13,5,6
1902,1902,1902,22,1,0,1,13,5,6
1903,1903,1903,23,3,0,3,13,5,6
1904,1904,1904,24,1,0,1,13,5,6
1905,1905,1905,25,1,0,0,13,5,6
1906,1906,1906,26,206,31,169,13,5,6
1907,1907,1907,28,1,1,0,13,5,6
1908,1908,1908,29,1,0,1,13,5,6
1909,1909,1909,30,3,0,3,13,5,6
1910,1910,1910,31,1,0,1,13,5,6
1911,1911,1911,33,9,2,6,13,5,6
1912,1912,1912,34,4,0,4,13,5,6
1913,1913,1913,35,71,0,36,13,5,6
1914,1914,1914,36,63,5,58,13,5,6
1915,1915,1915,2,3,0,2,16,1,6
1916,1916,1916,4,243,32,156,16,1,6
1917,1917,1917,5,5326,346,4656,16,1,6
1918,1918,1918,10,1755,295,1386,16,1,6
1919,1919,1919,16,1,0,1,16,1,6
1920,1920,1920,32,698,83,443,16,1,6
1921,1921,1921,6,1,0,1,16,1,6
1922,1922,1922,7,1,0,1,16,1,6
1923,1923,1923,8,7,0,6,16,1,6
1924,1924,1924,9,10,0,9,16,1,6
1925,1925,1925,11,3,0,3,16,1,6
1926,1926,1926,12,2,0,2,16,1,6
1927,1927,1927,13,9,0,9,16,1,6
1928,1928,1928,15,1,0,1,16,1,6
1929,1929,1929,17,5,2,3,16,1,6
1930,1930,1930,18,9,0,9,16,1,6
1931,1931,1931,19,1,0,1,16,1,6
1932,1932,1932,20,14,2,12,16,1,6
1933,1933,1933,22,1,0,1,16,1,6
1934,1934,1934,23,3,0,3,16,1,6
1935,1935,1935,24,1,0,1,16,1,6
1936,1936,1936,25,1,0,0,16,1,6
1937,1937,1937,26,206,31,169,16,1,6
1938,1938,1938,28,1,1,0,16,1,6
1939,1939,1939,29,1,0,1,16,1,6
1940,1940,1940,30,3,0,3,16,1,6
1941,1941,1941,31,1,0,1,16,1,6
1942,1942,1942,33,9,2,6,16,1,6
1943,1943,1943,34,4,0,4,16,1,6
1944,1944,1944,35,72,0,36,16,1,6
1945,1945,1945,36,63,5,58,16,1,6
1946,1946,1946,2,3,0,2,17,2,6
1947,1947,1947,4,247,32,171,17,2,6
1948,1948,1948,5,5326,346,4725,17,2,6
1949,1949,1949,10,1755,295,1387,17,2,6
1950,1950,1950,16,1,0,1,17,2,6
1951,1951,1951,32,697,83,460,17,2,6
1952,1952,1952,6,1,0,1,17,2,6
1953,1953,1953,7,1,0,1,17,2,6
1954,1954,1954,8,7,0,6,17,2,6
1955,1955,1955,9,10,0,9,17,2,6
1956,1956,1956,11,3,0,3,17,2,6
1957,1957,1957,12,2,0,2,17,2,6
1958,1958,1958,13,9,0,9,17,2,6
1959,1959,1959,15,1,0,1,17,2,6
1960,1960,1960,17,5,2,3,17,2,6
1961,1961,1961,18,9,0,9,17,2,6
1962,1962,1962,19,1,0,1,17,2,6
1963,1963,1963,20,14,2,12,17,2,6
1964,1964,1964,22,1,0,1,17,2,6
1965,1965,1965,23,3,0,3,17,2,6
1966,1966,1966,24,1,0,1,17,2,6
1967,1967,1967,25,1,0,0,17,2,6
1968,1968,1968,26,206,31,169,17,2,6
1969,1969,1969,28,1,1,0,17,2,6
1970,1970,1970,29,1,0,1,17,2,6
1971,1971,1971,30,3,0,3,17,2,6
1972,1972,1972,31,1,0,1,17,2,6
1973,1973,1973,33,9,2,6,17,2,6
1974,1974,1974,34,4,0,4,17,2,6
1975,1975,1975,35,73,0,36,17,2,6
1976,1976,1976,36,63,5,58,17,2,6
1977,1977,1977,2,3,0,2,18,3,6
1978,1978,1978,4,246,33,176,18,3,6
1979,1979,1979,5,5326,347,4762,18,3,6
1980,1980,1980,10,1755,295,1393,18,3,6
1981,1981,1981,16,1,0,1,18,3,6
1982,1982,1982,32,697,83,469,18,3,6
1983,1983,1983,6,1,0,1,18,3,6
1984,1984,1984,7,1,0,1,18,3,6
1985,1985,1985,8,7,0,6,18,3,6
1986,1986,1986,9,10,0,9,18,3,6
1987,1987,1987,11,3,0,3,18,3,6
1988,1988,1988,12,2,0,2,18,3,6
1989,1989,1989,13,9,0,9,18,3,6
1990,1990,1990,15,1,0,1,18,3,6
1991,1991,1991,17,5,2,3,18,3,6
1992,1992,1992,18,9,0,9,18,3,6
1993,1993,1993,19,1,0,1,18,3,6
1994,1994,1994,20,14,2,12,18,3,6
1995,1995,1995,22,1,0,1,18,3,6
1996,1996,1996,23,3,0,3,18,3,6
1997,1997,1997,24,1,0,1,18,3,6
1998,1998,1998,25,1,0,0,18,3,6
1999,1999,1999,26,206,31,169,18,3,6
2000,2000,2000,28,1,1,0,18,3,6
2001,2001,2001,29,1,0,1,18,3,6
2002,2002,2002,30,3,0,3,18,3,6
2003,2003,2003,31,1,0,1,18,3,6
2004,2004,2004,33,9,2,6,18,3,6
2005,2005,2005,34,4,0,4,18,3,6
2006,2006,2006,35,75,0,36,18,3,6
2007,2007,2007,36,63,5,58,18,3,6
2008,2008,2008,2,3,0,2,19,4,6
2009,2009,2009,4,245,34,175,19,4,6
2010,2010,2010,5,5326,347,4786,19,4,6
2011,2011,2011,10,1755,296,1396,19,4,6
2012,2012,2012,16,1,0,1,19,4,6
2013,2013,2013,32,695,84,472,19,4,6
2014,2014,2014,6,1,0,1,19,4,6
2015,2015,2015,7,1,0,1,19,4,6
2016,2016,2016,8,7,0,6,19,4,6
2017,2017,2017,9,10,0,9,19,4,6
2018,2018,2018,11,3,0,3,19,4,6
2019,2019,2019,12,2,0,2,19,4,6
2020,2020,2020,13,9,0,9,19,4,6
2021,2021,2021,15,1,0,1,19,4,6
2022,2022,2022,17,5,2,3,19,4,6
2023,2023,2023,18,9,0,9,19,4,6
2024,2024,2024,19,1,0,1,19,4,6
2025,2025,2025,20,14,2,12,19,4,6
2026,2026,2026,22,1,0,1,19,4,6
2027,2027,2027,23,3,0,3,19,4,6
2028,2028,2028,24,1,0,1,19,4,6
2029,2029,2029,25,1,0,0,19,4,6
2030,2030,2030,26,206,31,170,19,4,6
2031,2031,2031,28,1,1,0,19,4,6
2032,2032,2032,29,1,0,1,19,4,6
2033,2033,2033,30,3,0,3,19,4,6
2034,2034,2034,31,1,0,1,19,4,6
2035,2035,2035,33,9,2,6,19,4,6
2036,2036,2036,34,4,0,4,19,4,6
2037,2037,2037,35,75,0,36,19,4,6
2038,2038,2038,36,63,5,58,19,4,6
2039,2039,2039,2,3,0,2,20,5,6
2040,2040,2040,4,245,34,180,20,5,6
2041,2041,2041,5,5326,347,4806,20,5,6
2042,2042,2042,10,1755,296,1403,20,5,6
2043,2043,2043,16,1,0,1,20,5,6
2044,2044,2044,32,695,84,480,20,5,6
2045,2045,2045,6,1,0,1,20,5,6
2046,2046,2046,7,1,0,1,20,5,6
2047,2047,2047,8,7,0,6,20,5,6
2048,2048,2048,9,10,0,9,20,5,6
2049,2049,2049,11,3,0,3,20,5,6
2050,2050,2050,12,2,0,2,20,5,6
2051,2051,2051,13,9,0,9,20,5,6
2052,2052,2052,15,1,0,1,20,5,6
2053,2053,2053,17,5,2,3,20,5,6
2054,2054,2054,18,9,0,9,20,5,6
2055,2055,2055,19,1,0,1,20,5,6
2056,2056,2056,20,14,2,12,20,5,6
2057,2057,2057,22,1,0,1,20,5,6
2058,2058,2058,23,3,0,3,20,5,6
2059,2059,2059,24,1,0,1,20,5,6
2060,2060,2060,25,1,0,0,20,5,6
2061,2061,2061,26,206,31,170,20,5,6
2062,2062,2062,28,1,1,0,20,5,6
2063,2063,2063,29,1,0,1,20,5,6
2064,2064,2064,30,3,0,3,20,5,6
2065,2065,2065,31,1,0,1,20,5,6
2066,2066,2066,33,9,2,6,20,5,6
2067,2067,2067,34,4,0,4,20,5,6
2068,2068,2068,35,74,0,36,20,5,6
2069,2069,2069,36,63,5,58,20,5,6
2070,2070,2070,2,3,0,2,23,1,6
2071,2071,2071,4,246,35,182,23,1,6
2072,2072,2072,5,5326,347,4895,23,1,6
2073,2073,2073,10,1755,296,1411,23,1,6
2074,2074,2074,16,1,0,1,23,1,6
2075,2075,2075,32,692,84,486,23,1,6
2076,2076,2076,6,1,0,1,23,1,6
2077,2077,2077,7,1,0,1,23,1,6
2078,2078,2078,8,7,0,6,23,1,6
2079,2079,2079,9,10,0,9,23,1,6
2080,2080,2080,11,3,0,3,23,1,6
2081,2081,2081,12,2,0,2,23,1,6
2082,2082,2082,13,9,0,9,23,1,6
2083,2083,2083,15,1,0,1,23,1,6
2084,2084,2084,17,5,2,3,23,1,6
2085,2085,2085,18,9,0,9,23,1,6
2086,2086,2086,19,1,0,1,23,1,6
2087,2087,2087,20,14,2,12,23,1,6
2088,2088,2088,22,1,0,1,23,1,6
2089,2089,2089,23,3,0,3,23,1,6
2090,2090,2090,24,1,0,1,23,1,6
2091,2091,2091,25,1,0,0,23,1,6
2092,2092,2092,26,206,31,170,23,1,6
2093,2093,2093,28,1,1,0,23,1,6
2094,2094,2094,29,1,0,1,23,1,6
2095,2095,2095,30,3,0,3,23,1,6
2096,2096,2096,31,1,0,1,23,1,6
2097,2097,2097,33,9,2,7,23,1,6
2098,2098,2098,34,4,0,4,23,1,6
2099,2099,2099,35,74,0,36,23,1,6
2100,2100,2100,36,63,5,58,23,1,6
2101,2101,2101,2,3,0,2,24,2,6
2102,2102,2102,4,249,37,188,24,2,6
2103,2103,2103,5,5326,347,4901,24,2,6
2104,2104,2104,10,1755,296,1417,24,2,6
2105,2105,2105,16,1,0,1,24,2,6
2106,2106,2106,32,687,84,492,24,2,6
2107,2107,2107,6,1,0,1,24,2,6
2108,2108,2108,7,1,0,1,24,2,6
2109,2109,2109,8,7,0,6,24,2,6
2110,2110,2110,9,10,0,9,24,2,6
2111,2111,2111,11,3,0,3,24,2,6
2112,2112,2112,12,2,0,2,24,2,6
2113,2113,2113,13,9,0,9,24,2,6
2114,2114,2114,15,1,0,1,24,2,6
2115,2115,2115,17,5,2,3,24,2,6
2116,2116,2116,18,9,0,9,24,2,6
2117,2117,2117,19,1,0,1,24,2,6
2118,2118,2118,20,14,2,12,24,2,6
2119,2119,2119,22,1,0,1,24,2,6
2120,2120,2120,23,3,0,3,24,2,6
2121,2121,2121,24,1,0,1,24,2,6
2122,2122,2122,25,1,0,0,24,2,6
2123,2123,2123,26,206,31,170,24,2,6
2124,2124,2124,28,1,1,0,24,2,6
2125,2125,2125,29,1,0,1,24,2,6
2126,2126,2126,30,3,0,3,24,2,6
2127,2127,2127,31,1,0,1,24,2,6
2128,2128,2128,33,9,2,7,24,2,6
2129,2129,2129,34,4,0,4,24,2,6
2130,2130,2130,35,75,0,36,24,2,6
2131,2131,2131,36,63,5,58,24,2,6
2132,2132,2132,2,3,0,2,25,3,6
2133,2133,2133,4,250,37,188,25,3,6
2134,2134,2134,5,5327,348,4916,25,3,6
2135,2135,2135,10,1755,296,1419,25,3,6
2136,2136,2136,16,1,0,1,25,3,6
2137,2137,2137,32,686,84,492,25,3,6
2138,2138,2138,6,1,0,1,25,3,6
2139,2139,2139,7,1,0,1,25,3,6
2140,2140,2140,8,7,0,6,25,3,6
2141,2141,2141,9,10,0,9,25,3,6
2142,2142,2142,11,3,0,3,25,3,6
2143,2143,2143,12,2,0,2,25,3,6
2144,2144,2144,13,9,0,9,25,3,6
2145,2145,2145,14,1,0,0,25,3,6
2146,2146,2146,15,1,0,1,25,3,6
2147,2147,2147,17,5,2,3,25,3,6
2148,2148,2148,18,9,0,9,25,3,6
2149,2149,2149,19,1,0,1,25,3,6
2150,2150,2150,20,14,2,12,25,3,6
2151,2151,2151,22,1,0,1,25,3,6
2152,2152,2152,23,3,0,3,25,3,6
2153,2153,2153,24,1,0,1,25,3,6
2154,2154,2154,25,1,0,0,25,3,6
2155,2155,2155,26,206,31,170,25,3,6
2156,2156,2156,28,1,1,0,25,3,6
2157,2157,2157,29,1,0,1,25,3,6
2158,2158,2158,30,3,0,3,25,3,6
2159,2159,2159,31,1,0,1,25,3,6
2160,2160,2160,33,9,2,7,25,3,6
2161,2161,2161,34,4,0,4,25,3,6
2162,2162,2162,35,75,0,36,25,3,6
2163,2163,2163,36,63,5,58,25,3,6
2164,2164,2164,2,3,0,2,26,4,6
2165,2165,2165,4,251,37,190,26,4,6
2166,2166,2166,5,5327,348,4921,26,4,6
2167,2167,2167,10,1755,296,1419,26,4,6
2168,2168,2168,16,1,0,1,26,4,6
2169,2169,2169,32,682,84,491,26,4,6
2170,2170,2170,6,1,0,1,26,4,6
2171,2171,2171,7,1,0,1,26,4,6
2172,2172,2172,8,7,0,6,26,4,6
2173,2173,2173,9,10,0,9,26,4,6
2174,2174,2174,11,3,0,3,26,4,6
2175,2175,2175,12,2,0,2,26,4,6
2176,2176,2176,13,9,0,9,26,4,6
2177,2177,2177,14,1,0,0,26,4,6
2178,2178,2178,15,1,0,1,26,4,6
2179,2179,2179,17,5,2,3,26,4,6
2180,2180,2180,18,9,0,9,26,4,6
2181,2181,2181,19,1,0,1,26,4,6
2182,2182,2182,20,14,2,12,26,4,6
2183,2183,2183,22,1,0,1,26,4,6
2184,2184,2184,23,3,0,3,26,4,6
2185,2185,2185,24,1,0,1,26,4,6
2186,2186,2186,25,1,0,0,26,4,6
2187,2187,2187,26,206,32,170,26,4,6
2188,2188,2188,28,1,1,0,26,4,6
2189,2189,2189,29,1,0,1,26,4,6
2190,2190,2190,30,3,0,3,26,4,6
2191,2191,2191,31,1,0,1,26,4,6
2192,2192,2192,33,9,2,7,26,4,6
2193,2193,2193,34,4,0,4,26,4,6
2194,2194,2194,35,74,0,36,26,4,6
2195,2195,2195,36,63,5,58,26,4,6
2196,2196,2196,2,3,0,2,27,5,6
2197,2197,2197,4,251,37,191,27,5,6
2198,2198,2198,5,5327,348,4921,27,5,6
2199,2199,2199,10,1755,297,1422,27,5,6
2200,2200,2200,16,1,0,1,27,5,6
2201,2201,2201,32,681,84,492,27,5,6
2202,2202,2202,6,1,0,1,27,5,6
2203,2203,2203,7,1,0,1,27,5,6
2204,2204,2204,8,7,0,6,27,5,6
2205,2205,2205,9,10,0,9,27,5,6
2206,2206,2206,11,3,0,3,27,5,6
2207,2207,2207,12,2,0,2,27,5,6
2208,2208,2208,13,5,0,5,27,5,6
2209,2209,2209,15,1,0,1,27,5,6
2210,2210,2210,17,5,2,3,27,5,6
2211,2211,2211,18,9,0,9,27,5,6
2212,2212,2212,19,1,0,1,27,5,6
2213,2213,2213,20,14,2,12,27,5,6
2214,2214,2214,22,1,0,1,27,5,6
2215,2215,2215,23,3,0,3,27,5,6
2216,2216,2216,24,1,0,1,27,5,6
2217,2217,2217,25,1,0,0,27,5,6
2218,2218,2218,26,206,32,171,27,5,6
2219,2219,2219,28,1,1,0,27,5,6
2220,2220,2220,29,1,0,1,27,5,6
2221,2221,2221,30,3,0,3,27,5,6
2222,2222,2222,31,1,0,1,27,5,6
2223,2223,2223,33,9,2,7,27,5,6
2224,2224,2224,34,4,0,4,27,5,6
2225,2225,2225,35,74,0,64,27,5,6
2226,2226,2226,36,63,5,58,27,5,6
2227,2227,2227,0,5,0,5,30,1,6
2228,2228,2228,2,3,0,2,30,1,6
2229,2229,2229,4,252,37,192,30,1,6
2230,2230,2230,5,5327,348,4927,30,1,6
2231,2231,2231,10,1755,298,1429,30,1,6
2232,2232,2232,16,1,0,1,30,1,6
2233,2233,2233,32,678,84,495,30,1,6
2234,2234,2234,6,1,0,1,30,1,6
2235,2235,2235,7,1,0,1,30,1,6
2236,2236,2236,8,7,0,6,30,1,6
2237,2237,2237,9,10,0,9,30,1,6
2238,2238,2238,11,3,0,3,30,1,6
2239,2239,2239,12,2,0,2,30,1,6
2240,2240,2240,13,5,0,5,30,1,6
2241,2241,2241,15,1,0,1,30,1,6
2242,2242,2242,17,5,2,3,30,1,6
2243,2243,2243,18,9,0,9,30,1,6
2244,2244,2244,19,1,0,1,30,1,6
2245,2245,2245,20,14,2,12,30,1,6
2246,2246,2246,22,1,0,1,30,1,6
2247,2247,2247,23,3,0,3,30,1,6
2248,2248,2248,24,1,0,1,30,1,6
2249,2249,2249,25,1,0,0,30,1,6
2250,2250,2250,26,206,32,171,30,1,6
2251,2251,2251,28,1,1,0,30,1,6
2252,2252,2252,29,1,0,1,30,1,6
2253,2253,2253,30,3,0,3,30,1,6
2254,2254,2254,31,1,0,1,30,1,6
2255,2255,2255,33,9,2,7,30,1,6
2256,2256,2256,34,4,0,4,30,1,6
2257,2257,2257,35,73,0,63,30,1,6
2258,2258,2258,36,63,5,58,30,1,6
2259,2259,2259,2,1,0,1,1,2,7
2260,2260,2260,4,252,38,192,1,2,7
2261,2261,2261,5,5327,348,4930,1,2,7
2262,2262,2262,10,1755,298,1429,1,2,7
2263,2263,2263,16,1,0,1,1,2,7
2264,2264,2264,32,678,84,498,1,2,7
2265,2265,2265,6,1,0,1,1,2,7
2266,2266,2266,7,1,0,1,1,2,7
2267,2267,2267,8,7,0,6,1,2,7
2268,2268,2268,9,10,0,9,1,2,7
2269,2269,2269,11,3,0,3,1,2,7
2270,2270,2270,12,2,0,2,1,2,7
2271,2271,2271,13,5,0,5,1,2,7
2272,2272,2272,15,1,0,1,1,2,7
2273,2273,2273,17,5,2,3,1,2,7
2274,2274,2274,18,9,0,9,1,2,7
2275,2275,2275,19,1,0,1,1,2,7
2276,2276,2276,20,14,2,12,1,2,7
2277,2277,2277,22,1,0,1,1,2,7
2278,2278,2278,23,3,0,3,1,2,7
2279,2279,2279,24,1,0,1,1,2,7
2280,2280,2280,25,1,0,0,1,2,7
2281,2281,2281,26,206,32,171,1,2,7
2282,2282,2282,28,1,1,0,1,2,7
2283,2283,2283,29,1,0,1,1,2,7
2284,2284,2284,30,3,0,3,1,2,7
2285,2285,2285,31,1,0,1,1,2,7
2286,2286,2286,33,9,2,7,1,2,7
2287,2287,2287,34,4,0,4,1,2,7
2288,2288,2288,35,73,0,63,1,2,7
2289,2289,2289,36,63,5,58,1,2,7
2290,2290,2290,2,1,0,1,2,3,7
2291,2291,2291,4,252,38,192,2,3,7
2292,2292,2292,5,5327,348,4933,2,3,7
2293,2293,2293,10,1755,298,1429,2,3,7
2294,2294,2294,16,1,0,1,2,3,7
2295,2295,2295,32,676,84,498,2,3,7
2296,2296,2296,6,1,0,1,2,3,7
2297,2297,2297,7,1,0,1,2,3,7
2298,2298,2298,8,7,0,6,2,3,7
2299,2299,2299,9,10,0,9,2,3,7
2300,2300,2300,11,3,0,3,2,3,7
2301,2301,2301,12,2,0,2,2,3,7
2302,2302,2302,13,4,0,4,2,3,7
2303,2303,2303,15,1,0,1,2,3,7
2304,2304,2304,17,5,2,3,2,3,7
2305,2305,2305,18,9,0,9,2,3,7
2306,2306,2306,19,1,0,1,2,3,7
2307,2307,2307,20,14,2,12,2,3,7
2308,2308,2308,22,1,0,1,2,3,7
2309,2309,2309,23,3,0,3,2,3,7
2310,2310,2310,24,1,0,1,2,3,7
2311,2311,2311,25,1,0,0,2,3,7
2312,2312,2312,26,206,32,171,2,3,7
2313,2313,2313,28,1,1,0,2,3,7
2314,2314,2314,29,1,0,1,2,3,7
2315,2315,2315,30,3,0,3,2,3,7
2316,2316,2316,31,1,0,1,2,3,7
2317,2317,2317,33,9,2,7,2,3,7
2318,2318,2318,34,4,0,4,2,3,7
2319,2319,2319,35,73,0,63,2,3,7
2320,2320,2320,36,63,5,58,2,3,7
2321,2321,2321,2,1,0,1,3,4,7
2322,2322,2322,4,251,38,193,3,4,7
2323,2323,2323,5,5327,348,4933,3,4,7
2324,2324,2324,10,1755,298,1429,3,4,7
2325,2325,2325,16,1,0,1,3,4,7
2326,2326,2326,32,674,84,498,3,4,7
2327,2327,2327,6,1,0,1,3,4,7
2328,2328,2328,7,1,0,1,3,4,7
2329,2329,2329,8,7,0,6,3,4,7
2330,2330,2330,9,10,0,9,3,4,7
2331,2331,2331,11,3,0,3,3,4,7
2332,2332,2332,12,2,0,2,3,4,7
2333,2333,2333,13,4,0,4,3,4,7
2334,2334,2334,15,1,0,1,3,4,7
2335,2335,2335,17,5,2,3,3,4,7
2336,2336,2336,18,9,0,9,3,4,7
2337,2337,2337,19,1,0,1,3,4,7
2338,2338,2338,20,14,2,12,3,4,7
2339,2339,2339,22,1,0,1,3,4,7
2340,2340,2340,23,3,0,3,3,4,7
2341,2341,2341,24,1,0,1,3,4,7
2342,2342,2342,25,1,0,0,3,4,7
2343,2343,2343,26,206,32,171,3,4,7
2344,2344,2344,28,1,1,0,3,4,7
2345,2345,2345,29,1,0,1,3,4,7
2346,2346,2346,30,3,0,3,3,4,7
2347,2347,2347,31,1,0,1,3,4,7
2348,2348,2348,33,9,2,7,3,4,7
2349,2349,2349,34,4,0,4,3,4,7
2350,2350,2350,35,73,0,65,3,4,7
2351,2351,2351,36,63,5,58,3,4,7
2352,2352,2352,2,1,0,1,4,5,7
2353,2353,2353,4,251,38,193,4,5,7
2354,2354,2354,5,5327,348,4934,4,5,7
2355,2355,2355,10,1755,298,1430,4,5,7
2356,2356,2356,16,1,0,1,4,5,7
2357,2357,2357,32,674,84,500,4,5,7
2358,2358,2358,6,1,0,1,4,5,7
2359,2359,2359,7,1,0,1,4,5,7
2360,2360,2360,8,7,0,6,4,5,7
2361,2361,2361,9,10,0,9,4,5,7
2362,2362,2362,11,3,0,3,4,5,7
2363,2363,2363,12,2,0,2,4,5,7
2364,2364,2364,13,4,0,4,4,5,7
2365,2365,2365,15,1,0,1,4,5,7
2366,2366,2366,17,5,2,3,4,5,7
2367,2367,2367,18,9,0,9,4,5,7
2368,2368,2368,19,1,0,1,4,5,7
2369,2369,2369,20,14,2,12,4,5,7
2370,2370,2370,22,1,0,1,4,5,7
2371,2371,2371,23,3,0,3,4,5,7
2372,2372,2372,24,1,0,1,4,5,7
2373,2373,2373,25,1,0,0,4,5,7
2374,2374,2374,26,206,32,171,4,5,7
2375,2375,2375,28,1,1,0,4,5,7
2376,2376,2376,29,1,0,1,4,5,7
2377,2377,2377,30,3,0,3,4,5,7
2378,2378,2378,31,1,0,1,4,5,7
2379,2379,2379,33,9,2,7,4,5,7
2380,2380,2380,34,4,0,4,4,5,7
2381,2381,2381,35,73,0,65,4,5,7
2382,2382,2382,36,63,5,58,4,5,7
2383,2383,2383,2,1,0,1,7,1,7
2384,2384,2384,4,251,38,193,7,1,7
2385,2385,2385,5,5327,348,4934,7,1,7
2386,2386,2386,10,1755,298,1430,7,1,7
2387,2387,2387,16,1,0,1,7,1,7
2388,2388,2388,32,674,84,500,7,1,7
2389,2389,2389,6,1,0,1,7,1,7
2390,2390,2390,7,1,0,1,7,1,7
2391,2391,2391,8,7,0,6,7,1,7
2392,2392,2392,9,10,0,9,7,1,7
2393,2393,2393,11,3,0,3,7,1,7
2394,2394,2394,12,2,0,2,7,1,7
2395,2395,2395,13,4,0,4,7,1,7
2396,2396,2396,15,1,0,1,7,1,7
2397,2397,2397,17,5,2,3,7,1,7
2398,2398,2398,18,9,0,9,7,1,7
2399,2399,2399,19,1,0,1,7,1,7
2400,2400,2400,20,14,2,12,7,1,7
2401,2401,2401,22,1,0,1,7,1,7
2402,2402,2402,23,3,0,3,7,1,7
2403,2403,2403,24,1,0,1,7,1,7
2404,2404,2404,25,1,0,0,7,1,7
2405,2405,2405,26,206,32,171,7,1,7
2406,2406,2406,28,1,1,0,7,1,7
2407,2407,2407,29,1,0,1,7,1,7
2408,2408,2408,30,3,0,3,7,1,7
2409,2409,2409,31,1,0,1,7,1,7
2410,2410,2410,33,9,2,7,7,1,7
2411,2411,2411,34,4,0,4,7,1,7
2412,2412,2412,35,73,0,65,7,1,7
2413,2413,2413,36,63,5,58,7,1,7
2414,2414,2414,2,1,0,1,8,2,7
2415,2415,2415,4,250,38,194,8,2,7
2416,2416,2416,5,5327,348,4934,8,2,7
2417,2417,2417,10,1755,298,1430,8,2,7
2418,2418,2418,16,1,0,1,8,2,7
2419,2419,2419,32,671,84,502,8,2,7
2420,2420,2420,6,1,0,1,8,2,7
2421,2421,2421,7,1,0,1,8,2,7
2422,2422,2422,8,7,0,6,8,2,7
2423,2423,2423,9,10,0,9,8,2,7
2424,2424,2424,11,3,0,3,8,2,7
2425,2425,2425,12,2,0,2,8,2,7
2426,2426,2426,13,4,0,4,8,2,7
2427,2427,2427,15,1,0,1,8,2,7
2428,2428,2428,17,5,2,3,8,2,7
2429,2429,2429,18,9,0,9,8,2,7
2430,2430,2430,19,1,0,1,8,2,7
2431,2431,2431,20,14,2,12,8,2,7
2432,2432,2432,22,1,0,1,8,2,7
2433,2433,2433,23,3,0,3,8,2,7
2434,2434,2434,24,1,0,1,8,2,7
2435,2435,2435,25,1,0,0,8,2,7
2436,2436,2436,26,206,32,171,8,2,7
2437,2437,2437,28,1,1,0,8,2,7
2438,2438,2438,29,1,0,1,8,2,7
2439,2439,2439,30,3,0,3,8,2,7
2440,2440,2440,31,1,0,1,8,2,7
2441,2441,2441,33,9,2,7,8,2,7
2442,2442,2442,34,4,0,4,8,2,7
2443,2443,2443,35,74,0,64,8,2,7
2444,2444,2444,36,63,5,58,8,2,7
2445,2445,2445,2,1,0,1,9,3,7
2446,2446,2446,4,249,38,193,9,3,7
2447,2447,2447,5,5327,348,4939,9,3,7
2448,2448,2448,10,1755,298,1431,9,3,7
2449,2449,2449,16,1,0,1,9,3,7
2450,2450,2450,32,671,84,504,9,3,7
2451,2451,2451,6,1,0,1,9,3,7
2452,2452,2452,7,1,0,1,9,3,7
2453,2453,2453,8,7,0,6,9,3,7
2454,2454,2454,9,10,0,9,9,3,7
2455,2455,2455,11,3,0,3,9,3,7
2456,2456,2456,12,2,0,2,9,3,7
2457,2457,2457,13,4,0,4,9,3,7
2458,2458,2458,15,1,0,1,9,3,7
2459,2459,2459,17,5,2,3,9,3,7
2460,2460,2460,18,9,0,9,9,3,7
2461,2461,2461,19,1,0,1,9,3,7
2462,2462,2462,20,14,2,12,9,3,7
2463,2463,2463,22,1,0,1,9,3,7
2464,2464,2464,23,3,0,3,9,3,7
2465,2465,2465,24,1,0,1,9,3,7
2466,2466,2466,25,1,0,0,9,3,7
2467,2467,2467,26,206,32,171,9,3,7
2468,2468,2468,28,1,1,0,9,3,7
2469,2469,2469,29,1,0,1,9,3,7
2470,2470,2470,30,3,0,3,9,3,7
2471,2471,2471,31,1,0,1,9,3,7
2472,2472,2472,33,9,2,7,9,3,7
2473,2473,2473,34,4,0,4,9,3,7
2474,2474,2474,35,75,0,67,9,3,7
2475,2475,2475,36,63,5,58,9,3,7
2476,2476,2476,2,1,0,1,10,4,7
2477,2477,2477,4,250,38,194,10,4,7
2478,2478,2478,5,5327,348,4941,10,4,7
2479,2479,2479,10,1755,298,1431,10,4,7
2480,2480,2480,16,1,0,1,10,4,7
2481,2481,2481,32,671,84,506,10,4,7
2482,2482,2482,6,1,0,1,10,4,7
2483,2483,2483,7,1,0,1,10,4,7
2484,2484,2484,8,7,0,6,10,4,7
2485,2485,2485,9,10,0,9,10,4,7
2486,2486,2486,11,3,0,3,10,4,7
2487,2487,2487,12,2,0,2,10,4,7
2488,2488,2488,13,4,0,4,10,4,7
2489,2489,2489,15,1,0,1,10,4,7
2490,2490,2490,17,5,2,3,10,4,7
2491,2491,2491,18,9,0,9,10,4,7
2492,2492,2492,19,1,0,1,10,4,7
2493,2493,2493,20,14,2,12,10,4,7
2494,2494,2494,22,1,0,1,10,4,7
2495,2495,2495,23,3,0,3,10,4,7
2496,2496,2496,24,1,0,1,10,4,7
2497,2497,2497,25,1,0,0,10,4,7
2498,2498,2498,26,206,32,172,10,4,7
2499,2499,2499,28,1,1,0,10,4,7
2500,2500,2500,29,1,0,1,10,4,7
2501,2501,2501,30,3,0,3,10,4,7
2502,2502,2502,31,1,0,1,10,4,7
2503,2503,2503,33,9,2,7,10,4,7
2504,2504,2504,34,4,0,4,10,4,7
2505,2505,2505,35,75,0,67,10,4,7
2506,2506,2506,36,63,5,58,10,4,7
2507,2507,2507,2,1,0,1,11,5,7
2508,2508,2508,4,250,38,194,11,5,7
2509,2509,2509,5,5327,348,4941,11,5,7
2510,2510,2510,10,1755,298,1433,11,5,7
2511,2511,2511,16,1,0,1,11,5,7
2512,2512,2512,32,671,84,507,11,5,7
2513,2513,2513,6,1,0,1,11,5,7
2514,2514,2514,7,1,0,1,11,5,7
2515,2515,2515,8,7,1,6,11,5,7
2516,2516,2516,9,10,0,9,11,5,7
2517,2517,2517,11,3,0,3,11,5,7
2518,2518,2518,12,2,0,2,11,5,7
2519,2519,2519,13,4,0,4,11,5,7
2520,2520,2520,15,1,0,1,11,5,7
2521,2521,2521,17,5,2,3,11,5,7
2522,2522,2522,18,9,0,9,11,5,7
2523,2523,2523,19,1,0,1,11,5,7
2524,2524,2524,20,14,2,12,11,5,7
2525,2525,2525,22,1,0,1,11,5,7
2526,2526,2526,23,3,0,3,11,5,7
2527,2527,2527,24,1,0,1,11,5,7
2528,2528,2528,25,1,0,0,11,5,7
2529,2529,2529,26,206,32,172,11,5,7
2530,2530,2530,28,1,1,0,11,5,7
2531,2531,2531,29,1,0,1,11,5,7
2532,2532,2532,30,3,0,3,11,5,7
2533,2533,2533,31,1,0,1,11,5,7
2534,2534,2534,33,9,2,7,11,5,7
2535,2535,2535,34,4,0,4,11,5,7
2536,2536,2536,35,75,0,67,11,5,7
2537,2537,2537,36,63,5,58,11,5,7
